-- --------------------------------------------------------
-- Host:                         127.0.0.1
-- Server version:               10.4.11-MariaDB - mariadb.org binary distribution
-- Server OS:                    Win64
-- HeidiSQL Version:             11.0.0.5989
-- --------------------------------------------------------

/*!40101 SET @OLD_CHARACTER_SET_CLIENT=@@CHARACTER_SET_CLIENT */;
/*!40101 SET NAMES utf8 */;
/*!50503 SET NAMES utf8mb4 */;
/*!40014 SET @OLD_FOREIGN_KEY_CHECKS=@@FOREIGN_KEY_CHECKS, FOREIGN_KEY_CHECKS=0 */;
/*!40101 SET @OLD_SQL_MODE=@@SQL_MODE, SQL_MODE='NO_AUTO_VALUE_ON_ZERO' */;

-- Dumping structure for table bikesharing.auth_tokens
CREATE TABLE IF NOT EXISTS `auth_tokens` (
  `IDAuth` int(11) unsigned NOT NULL AUTO_INCREMENT,
  `IDUser` int(11) unsigned NOT NULL,
  `selector` char(12) DEFAULT NULL,
  `hashedValidator` char(64) DEFAULT NULL,
  `expires` varchar(64) DEFAULT NULL,
  PRIMARY KEY (`IDAuth`),
  KEY `fk1` (`IDUser`),
  CONSTRAINT `fk1` FOREIGN KEY (`IDUser`) REFERENCES `users` (`IDUser`) ON DELETE CASCADE ON UPDATE CASCADE
) ENGINE=InnoDB DEFAULT CHARSET=utf8mb4;

-- Dumping data for table bikesharing.auth_tokens: ~0 rows (approximately)
/*!40000 ALTER TABLE `auth_tokens` DISABLE KEYS */;
/*!40000 ALTER TABLE `auth_tokens` ENABLE KEYS */;

-- Dumping structure for table bikesharing.bikes
CREATE TABLE IF NOT EXISTS `bikes` (
  `IDBike` int(10) unsigned NOT NULL AUTO_INCREMENT,
  `location` int(11) DEFAULT NULL,
  `state` varchar(50) NOT NULL DEFAULT '',
  PRIMARY KEY (`IDBike`),
  KEY `FK_bikes_stations` (`location`),
  CONSTRAINT `FK_bikes_stations` FOREIGN KEY (`location`) REFERENCES `stations` (`IDStation`)
) ENGINE=InnoDB AUTO_INCREMENT=193 DEFAULT CHARSET=utf8mb4;

-- Dumping data for table bikesharing.bikes: ~177 rows (approximately)
/*!40000 ALTER TABLE `bikes` DISABLE KEYS */;
INSERT INTO `bikes` (`IDBike`, `location`, `state`) VALUES
	(0, 6, 'available'),
	(2, 3, 'available'),
	(3, 3, 'available'),
	(4, 3, 'available'),
	(5, 3, 'available'),
	(6, 2, 'available'),
	(7, 1, 'available'),
	(8, 1, 'available'),
	(9, 3, 'available'),
	(10, 4, 'available'),
	(12, 6, 'available'),
	(13, 3, 'available'),
	(14, 6, 'available'),
	(15, 1, 'available'),
	(16, 5, 'available'),
	(17, 3, 'available'),
	(18, 6, 'available'),
	(19, 6, 'available'),
	(20, 2, 'available'),
	(21, 3, 'available'),
	(22, 6, 'available'),
	(23, 2, 'available'),
	(24, 2, 'available'),
	(25, 4, 'available'),
	(26, 3, 'available'),
	(27, 2, 'available'),
	(28, 1, 'available'),
	(29, 6, 'available'),
	(30, 6, 'available'),
	(31, 6, 'available'),
	(32, 3, 'available'),
	(33, 4, 'available'),
	(34, 4, 'available'),
	(35, 6, 'available'),
	(36, 3, 'available'),
	(37, 3, 'available'),
	(38, 4, 'available'),
	(39, 1, 'available'),
	(40, 3, 'available'),
	(41, 1, 'available'),
	(42, 3, 'available'),
	(43, 2, 'available'),
	(44, 1, 'available'),
	(45, 1, 'available'),
	(46, 6, 'available'),
	(47, 1, 'available'),
	(48, 3, 'available'),
	(49, 4, 'available'),
	(50, 4, 'available'),
	(51, 1, 'available'),
	(52, 3, 'available'),
	(53, 2, 'available'),
	(54, 2, 'available'),
	(55, 4, 'available'),
	(56, 4, 'available'),
	(57, 2, 'available'),
	(58, 6, 'available'),
	(59, 1, 'available'),
	(60, 4, 'available'),
	(61, 4, 'available'),
	(62, 6, 'available'),
	(63, 2, 'available'),
	(64, 1, 'available'),
	(65, 2, 'available'),
	(66, 4, 'available'),
	(67, 5, 'available'),
	(68, 6, 'available'),
	(69, 4, 'available'),
	(70, 6, 'available'),
	(71, 6, 'available'),
	(72, 3, 'available'),
	(73, 3, 'available'),
	(74, 1, 'available'),
	(75, 6, 'available'),
	(76, 2, 'available'),
	(77, 6, 'available'),
	(78, 3, 'available'),
	(79, 1, 'available'),
	(80, 4, 'available'),
	(81, 2, 'available'),
	(82, 4, 'available'),
	(83, 3, 'available'),
	(84, 1, 'available'),
	(85, 3, 'available'),
	(86, 6, 'available'),
	(87, 6, 'available'),
	(88, 3, 'available'),
	(89, 5, 'available'),
	(90, 3, 'available'),
	(101, 1, 'available'),
	(104, 3, 'available'),
	(106, 6, 'available'),
	(108, 3, 'available'),
	(109, 6, 'available'),
	(110, 3, 'available'),
	(111, 2, 'available'),
	(112, 2, 'available'),
	(113, 4, 'available'),
	(114, 3, 'available'),
	(115, 4, 'available'),
	(116, 4, 'available'),
	(117, 6, 'available'),
	(118, 3, 'available'),
	(119, 3, 'available'),
	(120, 6, 'available'),
	(121, 3, 'available'),
	(122, 6, 'available'),
	(123, 1, 'available'),
	(124, 3, 'available'),
	(125, 6, 'available'),
	(126, 6, 'available'),
	(127, 3, 'available'),
	(128, 4, 'available'),
	(129, 2, 'available'),
	(130, 4, 'available'),
	(131, 3, 'available'),
	(132, 1, 'available'),
	(133, 2, 'available'),
	(134, 4, 'available'),
	(135, 2, 'available'),
	(136, 3, 'available'),
	(137, 3, 'available'),
	(138, 1, 'available'),
	(139, 2, 'available'),
	(140, 5, 'available'),
	(141, 3, 'available'),
	(142, 6, 'available'),
	(143, 2, 'available'),
	(144, 6, 'available'),
	(145, 1, 'available'),
	(146, 4, 'available'),
	(147, 6, 'available'),
	(148, 6, 'available'),
	(149, 2, 'available'),
	(150, 6, 'available'),
	(151, 3, 'available'),
	(152, 6, 'available'),
	(153, 6, 'available'),
	(154, 1, 'available'),
	(155, 6, 'available'),
	(156, 4, 'available'),
	(157, 6, 'available'),
	(158, 6, 'available'),
	(159, 3, 'available'),
	(160, 3, 'available'),
	(161, 2, 'available'),
	(162, 3, 'available'),
	(163, 3, 'available'),
	(164, 6, 'available'),
	(165, 1, 'available'),
	(166, 3, 'available'),
	(167, 6, 'available'),
	(168, 2, 'available'),
	(169, 6, 'available'),
	(170, 6, 'available'),
	(171, 4, 'available'),
	(172, 1, 'available'),
	(173, 1, 'available'),
	(174, 1, 'available'),
	(175, 6, 'available'),
	(176, 1, 'available'),
	(177, 1, 'available'),
	(178, 6, 'available'),
	(179, 3, 'available'),
	(180, 6, 'available'),
	(181, 1, 'available'),
	(182, 2, 'available'),
	(183, 3, 'available'),
	(184, 5, 'available'),
	(185, 4, 'available'),
	(186, 3, 'available'),
	(187, 6, 'available'),
	(188, 6, 'available'),
	(189, 4, 'available'),
	(190, 3, 'available'),
	(191, NULL, 'taken'),
	(192, 6, 'available');
/*!40000 ALTER TABLE `bikes` ENABLE KEYS */;

-- Dumping structure for table bikesharing.rentals
CREATE TABLE IF NOT EXISTS `rentals` (
  `IDRent` int(11) unsigned NOT NULL AUTO_INCREMENT,
  `IDUser` int(11) unsigned NOT NULL,
  `IDBike` int(11) unsigned NOT NULL,
  `startTime` varchar(64) DEFAULT NULL,
  `endTime` varchar(64) DEFAULT NULL,
  `origin` int(11) NOT NULL,
  `destination` int(11) DEFAULT NULL,
  `dist` decimal(2,1) DEFAULT NULL,
  PRIMARY KEY (`IDRent`),
  KEY `IDUser_rent` (`IDUser`) USING BTREE,
  KEY `IDBike_Rent` (`IDBike`) USING BTREE,
  KEY `FK_rentals_stations` (`origin`),
  KEY `FK_rentals_stations_2` (`destination`),
  CONSTRAINT `FK_rentals_bikes` FOREIGN KEY (`IDBike`) REFERENCES `bikes` (`IDBike`),
  CONSTRAINT `FK_rentals_stations` FOREIGN KEY (`origin`) REFERENCES `stations` (`IDStation`),
  CONSTRAINT `FK_rentals_stations_2` FOREIGN KEY (`destination`) REFERENCES `stations` (`IDStation`),
  CONSTRAINT `FK_rentals_users` FOREIGN KEY (`IDUser`) REFERENCES `users` (`IDUser`)
) ENGINE=InnoDB AUTO_INCREMENT=15903 DEFAULT CHARSET=utf8mb4;

-- Dumping data for table bikesharing.rentals: ~2,559 rows (approximately)
/*!40000 ALTER TABLE `rentals` DISABLE KEYS */;
INSERT INTO `rentals` (`IDRent`, `IDUser`, `IDBike`, `startTime`, `endTime`, `origin`, `destination`, `dist`) VALUES
	(13344, 28, 119, '2022/01/26 03:57:31', '2022/01/26 04:57:31', 1, 1, 0.0),
	(13345, 132, 175, '2021/10/04 04:30:03', '2021/10/04 05:30:03', 5, 3, 1.7),
	(13346, 133, 78, '2021/07/27 14:05:36', '2021/07/27 15:05:36', 1, 2, 0.7),
	(13347, 134, 119, '2021/10/16 14:59:47', '2021/10/16 15:59:47', 1, 1, 0.0),
	(13348, 135, 136, '2021/08/24 03:17:26', '2021/08/24 04:17:26', 4, 6, 2.6),
	(13349, 136, 186, '2021/09/16 17:02:40', '2021/09/16 18:02:40', 5, 3, 1.7),
	(13350, 137, 43, '2021/06/10 00:34:15', '2021/06/10 01:34:15', 3, 6, 2.3),
	(13351, 138, 80, '2021/11/12 18:05:29', '2021/11/12 19:05:29', 6, 6, 0.0),
	(13352, 139, 32, '2021/09/25 00:27:19', '2021/09/25 01:27:19', 5, 2, 1.2),
	(13353, 140, 77, '2022/02/15 15:01:59', '2022/02/15 16:01:59', 1, 2, 0.7),
	(13354, 141, 177, '2021/07/10 12:20:20', '2021/07/10 13:20:20', 5, 6, 1.3),
	(13355, 142, 22, '2021/07/21 03:20:25', '2021/07/21 04:20:25', 3, 1, 1.1),
	(13356, 143, 135, '2021/11/29 01:00:00', '2021/11/29 02:00:00', 1, 3, 1.1),
	(13357, 144, 179, '2021/06/20 06:48:53', '2021/06/20 07:48:53', 5, 5, 0.0),
	(13358, 145, 135, '2022/04/06 23:53:56', '2022/04/07 00:53:56', 3, 6, 2.3),
	(13359, 146, 28, '2022/05/24 12:49:51', '2022/05/24 13:49:51', 4, 2, 1.5),
	(13360, 147, 128, '2021/07/28 20:46:09', '2021/07/28 21:46:09', 3, 4, 1.6),
	(13361, 148, 14, '2022/05/07 19:50:00', '2022/05/07 20:50:00', 2, 5, 1.2),
	(13362, 149, 22, '2021/07/19 01:14:45', '2021/07/19 02:14:45', 1, 2, 0.7),
	(13363, 150, 123, '2022/03/10 08:57:16', '2022/03/10 09:57:16', 4, 4, 0.0),
	(13364, 151, 29, '2022/05/16 12:57:11', '2022/05/16 13:57:11', 3, 2, 0.6),
	(13365, 152, 164, '2021/11/14 00:34:19', '2021/11/14 01:34:19', 5, 2, 1.2),
	(13366, 153, 153, '2021/09/14 15:18:22', '2021/09/14 16:18:22', 4, 5, 1.4),
	(13367, 154, 46, '2021/08/25 12:26:10', '2021/08/25 13:26:10', 5, 2, 1.2),
	(13368, 155, 114, '2021/09/25 06:31:37', '2021/09/25 07:31:37', 1, 3, 1.1),
	(13369, 156, 181, '2022/04/08 21:24:10', '2022/04/08 22:24:10', 5, 5, 0.0),
	(13370, 157, 76, '2021/12/22 10:32:49', '2021/12/22 11:32:49', 5, 5, 0.0),
	(13371, 158, 67, '2021/08/23 04:51:39', '2021/08/23 05:51:39', 4, 3, 1.6),
	(13372, 159, 131, '2021/07/21 13:29:49', '2021/07/21 14:29:49', 4, 3, 1.6),
	(13373, 160, 82, '2022/04/17 01:47:35', '2022/04/17 02:47:35', 5, 3, 1.7),
	(13374, 161, 19, '2021/12/29 20:59:54', '2021/12/29 21:59:54', 4, 2, 1.5),
	(13375, 162, 131, '2022/03/05 19:05:58', '2022/03/05 20:05:58', 3, 1, 1.1),
	(13376, 163, 4, '2021/10/28 08:39:29', '2021/10/28 09:39:29', 5, 1, 1.4),
	(13377, 164, 28, '2021/12/25 15:32:40', '2021/12/25 16:32:40', 2, 6, 1.7),
	(13378, 165, 41, '2021/09/16 11:52:08', '2021/09/16 12:52:08', 3, 1, 1.1),
	(13379, 166, 154, '2021/12/25 18:02:01', '2021/12/25 19:02:01', 5, 4, 1.4),
	(13380, 167, 10, '2021/10/18 10:44:58', '2021/10/18 11:44:58', 6, 6, 0.0),
	(13381, 168, 32, '2021/10/04 00:25:17', '2021/10/04 01:25:17', 2, 6, 1.7),
	(13382, 169, 69, '2022/04/13 12:40:03', '2022/04/13 13:40:03', 6, 1, 1.3),
	(13383, 170, 119, '2021/07/15 12:29:49', '2021/07/15 13:29:49', 1, 2, 0.7),
	(13384, 171, 86, '2021/12/02 14:52:48', '2021/12/02 15:52:48', 2, 5, 1.2),
	(13385, 172, 64, '2021/09/23 08:43:28', '2021/09/23 09:43:28', 5, 3, 1.7),
	(13386, 173, 60, '2022/02/03 01:49:24', '2022/02/03 02:49:24', 5, 2, 1.2),
	(13387, 174, 153, '2021/06/17 21:20:07', '2021/06/17 22:20:07', 5, 4, 1.4),
	(13388, 175, 69, '2021/11/09 01:42:46', '2021/11/09 02:42:46', 1, 1, 0.0),
	(13389, 176, 76, '2021/12/11 01:26:19', '2021/12/11 02:26:19', 5, 1, 1.4),
	(13390, 177, 138, '2021/11/06 00:05:17', '2021/11/06 01:05:17', 6, 3, 2.3),
	(13391, 178, 41, '2021/07/14 05:25:49', '2021/07/14 06:25:49', 1, 3, 1.1),
	(13392, 179, 117, '2021/11/24 09:38:04', '2021/11/24 10:38:04', 3, 6, 2.3),
	(13393, 180, 154, '2022/02/14 12:57:05', '2022/02/14 13:57:05', 4, 6, 2.6),
	(13394, 181, 82, '2022/05/12 04:39:16', '2022/05/12 05:39:16', 3, 3, 0.0),
	(13395, 182, 146, '2021/12/13 11:06:47', '2021/12/13 12:06:47', 5, 1, 1.4),
	(13396, 183, 23, '2021/06/10 03:08:21', '2021/06/10 04:08:21', 4, 3, 1.6),
	(13397, 184, 179, '2022/01/31 22:31:28', '2022/01/31 23:31:28', 5, 5, 0.0),
	(13398, 185, 27, '2021/10/01 00:09:39', '2021/10/01 01:09:39', 6, 3, 2.3),
	(13399, 186, 120, '2022/04/23 03:01:30', '2022/04/23 04:01:30', 5, 2, 1.2),
	(13400, 187, 123, '2022/04/19 06:59:51', '2022/04/19 07:59:51', 4, 2, 1.5),
	(13401, 188, 108, '2021/10/29 11:02:01', '2021/10/29 12:02:01', 4, 4, 0.0),
	(13402, 189, 84, '2021/12/29 07:12:41', '2021/12/29 08:12:41', 5, 5, 0.0),
	(13403, 190, 141, '2021/12/11 02:13:29', '2021/12/11 03:13:29', 1, 2, 0.7),
	(13404, 191, 146, '2021/10/19 04:47:08', '2021/10/19 05:47:08', 1, 2, 0.7),
	(13405, 192, 30, '2022/02/08 18:52:27', '2022/02/08 19:52:27', 4, 6, 2.6),
	(13406, 193, 159, '2021/11/23 10:36:30', '2021/11/23 11:36:30', 5, 6, 1.3),
	(13407, 194, 30, '2022/03/09 09:36:56', '2022/03/09 10:36:56', 6, 3, 2.3),
	(13408, 195, 117, '2021/08/03 23:28:27', '2021/08/04 00:28:27', 6, 1, 1.3),
	(13409, 196, 34, '2022/01/27 01:55:32', '2022/01/27 02:55:32', 1, 6, 1.3),
	(13410, 197, 126, '2021/08/31 05:29:16', '2021/08/31 06:29:16', 4, 4, 0.0),
	(13411, 198, 126, '2022/05/06 12:20:13', '2022/05/06 13:20:13', 4, 2, 1.5),
	(13412, 199, 117, '2022/05/09 04:14:48', '2022/05/09 05:14:48', 1, 5, 1.4),
	(13413, 200, 50, '2021/11/30 17:24:51', '2021/11/30 18:24:51', 5, 6, 1.3),
	(13414, 201, 3, '2021/10/31 19:24:44', '2021/10/31 20:24:44', 4, 1, 2.1),
	(13415, 202, 39, '2021/10/11 00:37:17', '2021/10/11 01:37:17', 6, 2, 1.7),
	(13416, 203, 57, '2021/06/04 04:27:58', '2021/06/04 05:27:58', 4, 1, 2.1),
	(13417, 204, 23, '2022/03/24 22:01:04', '2022/03/24 23:01:04', 3, 3, 0.0),
	(13418, 205, 114, '2022/01/25 12:48:09', '2022/01/25 13:48:09', 3, 2, 0.6),
	(13419, 206, 15, '2021/08/14 00:49:42', '2021/08/14 01:49:42', 6, 1, 1.3),
	(13420, 207, 178, '2021/11/20 12:26:33', '2021/11/20 13:26:33', 6, 3, 2.3),
	(13421, 208, 178, '2021/10/28 23:53:25', '2021/10/29 00:53:25', 3, 4, 1.6),
	(13422, 209, 189, '2021/06/11 01:07:53', '2021/06/11 02:07:53', 2, 1, 0.7),
	(13423, 210, 24, '2022/02/07 08:25:48', '2022/02/07 09:25:48', 6, 2, 1.7),
	(13424, 211, 121, '2021/06/24 06:49:57', '2021/06/24 07:49:57', 4, 4, 0.0),
	(13425, 212, 63, '2021/06/23 00:59:18', '2021/06/23 01:59:18', 4, 4, 0.0),
	(13426, 213, 85, '2021/07/18 11:02:30', '2021/07/18 12:02:30', 2, 4, 1.5),
	(13427, 214, 26, '2022/04/09 02:05:19', '2022/04/09 03:05:19', 3, 5, 1.7),
	(13428, 215, 57, '2022/05/15 06:07:31', '2022/05/15 07:07:31', 1, 1, 0.0),
	(13429, 216, 186, '2022/03/01 16:39:21', '2022/03/01 17:39:21', 3, 2, 0.6),
	(13430, 217, 143, '2021/08/15 07:18:21', '2021/08/15 08:18:21', 3, 4, 1.6),
	(13431, 218, 182, '2021/10/03 02:05:16', '2021/10/03 03:05:16', 6, 1, 1.3),
	(13432, 219, 112, '2021/08/20 01:50:48', '2021/08/20 02:50:48', 1, 1, 0.0),
	(13433, 220, 110, '2022/04/22 02:26:08', '2022/04/22 03:26:08', 4, 6, 2.6),
	(13434, 221, 125, '2021/12/25 09:41:19', '2021/12/25 10:41:19', 5, 5, 0.0),
	(13435, 222, 145, '2022/01/10 01:44:44', '2022/01/10 02:44:44', 5, 6, 1.3),
	(13436, 223, 54, '2021/12/05 06:01:26', '2021/12/05 07:01:26', 2, 4, 1.5),
	(13437, 224, 115, '2021/06/14 07:17:16', '2021/06/14 08:17:16', 2, 6, 1.7),
	(13438, 225, 57, '2022/02/14 00:13:34', '2022/02/14 01:13:34', 1, 4, 2.1),
	(13439, 226, 156, '2021/07/30 00:08:53', '2021/07/30 01:08:53', 2, 4, 1.5),
	(13440, 227, 101, '2021/12/26 00:32:47', '2021/12/26 01:32:47', 3, 4, 1.6),
	(13441, 228, 17, '2022/04/11 09:42:40', '2022/04/11 10:42:40', 4, 2, 1.5),
	(13442, 229, 32, '2022/05/11 23:46:51', '2022/05/12 00:46:51', 6, 2, 1.7),
	(13443, 230, 84, '2022/03/11 16:41:23', '2022/03/11 17:41:23', 5, 3, 1.7),
	(13444, 231, 142, '2021/08/05 18:42:25', '2021/08/05 19:42:25', 5, 5, 0.0),
	(13445, 28, 64, '2021/09/20 12:56:27', '2021/09/20 13:56:27', 3, 2, 0.6),
	(13446, 28, 57, '2021/09/21 12:56:27', '2021/09/21 13:56:27', 4, 5, 1.4),
	(13447, 28, 70, '2021/09/22 11:56:27', '2021/09/22 12:56:27', 5, 2, 1.2),
	(13448, 28, 38, '2021/09/23 09:56:27', '2021/09/23 10:56:27', 4, 1, 2.1),
	(13449, 28, 23, '2021/09/24 10:56:27', '2021/09/24 11:56:27', 3, 6, 2.3),
	(13450, 28, 61, '2021/09/25 07:56:27', '2021/09/25 08:56:27', 6, 2, 1.7),
	(13451, 28, 112, '2021/09/26 08:56:27', '2021/09/26 09:56:27', 1, 3, 1.1),
	(13452, 28, 38, '2021/09/27 06:56:27', '2021/09/27 07:56:27', 1, 1, 0.0),
	(13453, 28, 175, '2021/09/28 05:56:27', '2021/09/28 06:56:27', 3, 2, 0.6),
	(13454, 28, 70, '2021/09/29 04:56:27', '2021/09/29 05:56:27', 2, 3, 0.6),
	(13455, 28, 173, '2021/09/30 01:56:27', '2021/09/30 02:56:27', 6, 3, 2.3),
	(13456, 28, 136, '2021/09/30 23:56:27', '2021/10/01 00:56:27', 6, 1, 1.3),
	(13457, 28, 76, '2021/10/01 23:56:27', '2021/10/02 00:56:27', 1, 4, 2.1),
	(13458, 28, 60, '2021/10/02 21:56:27', '2021/10/02 22:56:27', 2, 1, 0.7),
	(13459, 28, 3, '2021/10/03 20:56:27', '2021/10/03 21:56:27', 1, 3, 1.1),
	(13460, 28, 155, '2021/10/04 21:56:27', '2021/10/04 22:56:27', 5, 1, 1.4),
	(13461, 28, 112, '2021/10/05 18:56:27', '2021/10/05 19:56:27', 3, 2, 0.6),
	(13462, 28, 7, '2021/10/06 16:56:27', '2021/10/06 17:56:27', 2, 5, 1.2),
	(13463, 28, 136, '2021/10/07 16:56:27', '2021/10/07 17:56:27', 1, 3, 1.1),
	(13464, 28, 77, '2021/10/08 13:56:27', '2021/10/08 14:56:27', 2, 2, 0.0),
	(13465, 28, 50, '2021/10/09 11:56:27', '2021/10/09 12:56:27', 6, 4, 2.6),
	(13466, 28, 78, '2021/10/10 09:56:27', '2021/10/10 10:56:27', 2, 4, 1.5),
	(13467, 28, 63, '2021/10/11 09:56:27', '2021/10/11 10:56:27', 4, 1, 2.1),
	(13468, 28, 28, '2021/10/12 08:56:27', '2021/10/12 09:56:27', 6, 6, 0.0),
	(13469, 28, 17, '2021/10/13 06:56:27', '2021/10/13 07:56:27', 2, 1, 0.7),
	(13470, 132, 106, '2021/08/24 11:07:20', '2021/08/24 12:07:20', 6, 3, 2.3),
	(13471, 132, 4, '2021/08/25 13:07:20', '2021/08/25 14:07:20', 1, 2, 0.7),
	(13472, 132, 141, '2021/08/26 13:07:20', '2021/08/26 14:07:20', 2, 4, 1.5),
	(13473, 132, 5, '2021/08/27 12:07:20', '2021/08/27 13:07:20', 6, 5, 1.3),
	(13474, 132, 60, '2021/08/28 11:07:20', '2021/08/28 12:07:20', 1, 2, 0.7),
	(13475, 132, 41, '2021/08/29 08:07:20', '2021/08/29 09:07:20', 3, 1, 1.1),
	(13476, 132, 32, '2021/08/30 10:07:20', '2021/08/30 11:07:20', 2, 4, 1.5),
	(13477, 132, 41, '2021/08/31 08:07:20', '2021/08/31 09:07:20', 1, 3, 1.1),
	(13478, 132, 17, '2021/09/01 10:07:20', '2021/09/01 11:07:20', 1, 6, 1.3),
	(13479, 132, 179, '2021/09/02 10:07:20', '2021/09/02 11:07:20', 5, 6, 1.3),
	(13480, 132, 17, '2021/09/03 10:07:20', '2021/09/03 11:07:20', 6, 5, 1.3),
	(13481, 132, 31, '2021/09/04 10:07:20', '2021/09/04 11:07:20', 6, 6, 0.0),
	(13482, 132, 149, '2021/09/05 10:07:20', '2021/09/05 11:07:20', 2, 1, 0.7),
	(13483, 132, 45, '2021/09/06 11:07:20', '2021/09/06 12:07:20', 4, 3, 1.6),
	(13484, 132, 184, '2021/09/07 09:07:20', '2021/09/07 10:07:20', 6, 4, 2.6),
	(13485, 132, 150, '2021/09/08 10:07:20', '2021/09/08 11:07:20', 5, 5, 0.0),
	(13486, 132, 180, '2021/09/09 09:07:20', '2021/09/09 10:07:20', 4, 6, 2.6),
	(13487, 132, 33, '2021/09/10 07:07:20', '2021/09/10 08:07:20', 2, 2, 0.0),
	(13488, 132, 140, '2021/09/11 05:07:20', '2021/09/11 06:07:20', 5, 4, 1.4),
	(13489, 132, 173, '2021/09/12 05:07:20', '2021/09/12 06:07:20', 3, 2, 0.6),
	(13490, 132, 71, '2021/09/13 02:07:20', '2021/09/13 03:07:20', 5, 4, 1.4),
	(13491, 132, 189, '2021/09/14 01:07:20', '2021/09/14 02:07:20', 1, 3, 1.1),
	(13492, 132, 143, '2021/09/15 02:07:20', '2021/09/15 03:07:20', 4, 2, 1.5),
	(13493, 132, 27, '2021/09/16 04:07:20', '2021/09/16 05:07:20', 3, 2, 0.6),
	(13494, 132, 84, '2021/09/17 03:07:20', '2021/09/17 04:07:20', 3, 5, 1.7),
	(13495, 133, 41, '2021/08/03 23:04:18', '2021/08/04 00:04:18', 3, 1, 1.1),
	(13496, 133, 67, '2021/08/04 22:04:18', '2021/08/04 23:04:18', 3, 6, 2.3),
	(13497, 133, 164, '2021/08/05 20:04:18', '2021/08/05 21:04:18', 2, 2, 0.0),
	(13498, 133, 117, '2021/08/06 18:04:18', '2021/08/06 19:04:18', 5, 2, 1.2),
	(13499, 133, 69, '2021/08/07 19:04:18', '2021/08/07 20:04:18', 1, 6, 1.3),
	(13500, 133, 77, '2021/08/08 19:04:18', '2021/08/08 20:04:18', 2, 6, 1.7),
	(13501, 133, 155, '2021/08/09 21:04:18', '2021/08/09 22:04:18', 1, 2, 0.7),
	(13502, 133, 3, '2021/08/10 19:04:18', '2021/08/10 20:04:18', 3, 1, 1.1),
	(13503, 133, 166, '2021/08/11 19:04:18', '2021/08/11 20:04:18', 6, 1, 1.3),
	(13504, 133, 45, '2021/08/12 17:04:18', '2021/08/12 18:04:18', 3, 3, 0.0),
	(13505, 133, 131, '2021/08/13 14:04:18', '2021/08/13 15:04:18', 1, 2, 0.7),
	(13506, 133, 157, '2021/08/14 16:04:18', '2021/08/14 17:04:18', 4, 3, 1.6),
	(13507, 133, 136, '2021/08/15 13:04:18', '2021/08/15 14:04:18', 3, 5, 1.7),
	(13508, 133, 138, '2021/08/16 14:04:18', '2021/08/16 15:04:18', 3, 6, 2.3),
	(13509, 133, 45, '2021/08/17 11:04:18', '2021/08/17 12:04:18', 3, 5, 1.7),
	(13510, 133, 182, '2021/08/18 13:04:18', '2021/08/18 14:04:18', 1, 1, 0.0),
	(13511, 133, 4, '2021/08/19 10:04:18', '2021/08/19 11:04:18', 2, 5, 1.2),
	(13512, 133, 30, '2021/08/20 10:04:18', '2021/08/20 11:04:18', 3, 2, 0.6),
	(13513, 133, 149, '2021/08/21 08:04:18', '2021/08/21 09:04:18', 1, 2, 0.7),
	(13514, 133, 83, '2021/08/22 10:04:18', '2021/08/22 11:04:18', 5, 3, 1.7),
	(13515, 133, 80, '2021/08/23 12:04:18', '2021/08/23 13:04:18', 6, 5, 1.3),
	(13516, 133, 50, '2021/08/24 14:04:18', '2021/08/24 15:04:18', 4, 5, 1.4),
	(13517, 133, 3, '2021/08/25 15:04:18', '2021/08/25 16:04:18', 1, 1, 0.0),
	(13518, 133, 20, '2021/08/26 13:04:18', '2021/08/26 14:04:18', 4, 2, 1.5),
	(13519, 133, 163, '2021/08/27 13:04:18', '2021/08/27 14:04:18', 2, 2, 0.0),
	(13520, 134, 181, '2021/12/25 23:21:13', '2021/12/26 00:21:13', 5, 1, 1.4),
	(13521, 134, 146, '2021/12/26 20:21:13', '2021/12/26 21:21:13', 2, 4, 1.5),
	(13522, 134, 21, '2021/12/27 20:21:13', '2021/12/27 21:21:13', 6, 1, 1.3),
	(13523, 134, 21, '2021/12/28 20:21:13', '2021/12/28 21:21:13', 1, 6, 1.3),
	(13524, 134, 116, '2021/12/29 20:21:13', '2021/12/29 21:21:13', 4, 4, 0.0),
	(13525, 134, 181, '2021/12/30 18:21:13', '2021/12/30 19:21:13', 1, 6, 1.3),
	(13526, 134, 23, '2021/12/31 18:21:13', '2021/12/31 19:21:13', 6, 1, 1.3),
	(13527, 134, 83, '2022/01/01 19:21:13', '2022/01/01 20:21:13', 3, 3, 0.0),
	(13528, 134, 185, '2022/01/02 17:21:13', '2022/01/02 18:21:13', 2, 6, 1.7),
	(13529, 134, 86, '2022/01/03 18:21:13', '2022/01/03 19:21:13', 5, 6, 1.3),
	(13530, 134, 15, '2022/01/04 16:21:13', '2022/01/04 17:21:13', 1, 3, 1.1),
	(13531, 134, 145, '2022/01/05 17:21:13', '2022/01/05 18:21:13', 6, 3, 2.3),
	(13532, 134, 57, '2022/01/06 15:21:13', '2022/01/06 16:21:13', 5, 6, 1.3),
	(13533, 134, 23, '2022/01/07 12:21:13', '2022/01/07 13:21:13', 1, 4, 2.1),
	(13534, 134, 63, '2022/01/08 11:21:13', '2022/01/08 12:21:13', 1, 3, 1.1),
	(13535, 134, 166, '2022/01/09 12:21:13', '2022/01/09 13:21:13', 1, 1, 0.0),
	(13536, 134, 182, '2022/01/10 14:21:13', '2022/01/10 15:21:13', 1, 3, 1.1),
	(13537, 134, 3, '2022/01/11 11:21:13', '2022/01/11 12:21:13', 1, 6, 1.3),
	(13538, 134, 61, '2022/01/12 13:21:13', '2022/01/12 14:21:13', 2, 4, 1.5),
	(13539, 134, 37, '2022/01/13 11:21:13', '2022/01/13 12:21:13', 5, 4, 1.4),
	(13540, 134, 192, '2022/01/14 13:21:13', '2022/01/14 14:21:13', 5, 3, 1.7),
	(13541, 134, 69, '2022/01/15 11:21:13', '2022/01/15 12:21:13', 6, 4, 2.6),
	(13542, 134, 153, '2022/01/16 13:21:13', '2022/01/16 14:21:13', 4, 5, 1.4),
	(13543, 134, 142, '2022/01/17 15:21:13', '2022/01/17 16:21:13', 5, 5, 0.0),
	(13544, 134, 3, '2022/01/18 15:21:13', '2022/01/18 16:21:13', 6, 6, 0.0),
	(13545, 135, 4, '2021/09/05 12:26:16', '2021/09/05 13:26:16', 5, 2, 1.2),
	(13546, 135, 34, '2021/09/06 12:26:16', '2021/09/06 13:26:16', 6, 6, 0.0),
	(13547, 135, 38, '2021/09/07 10:26:16', '2021/09/07 11:26:16', 1, 2, 0.7),
	(13548, 135, 79, '2021/09/08 08:26:16', '2021/09/08 09:26:16', 4, 2, 1.5),
	(13549, 135, 23, '2021/09/09 10:26:16', '2021/09/09 11:26:16', 4, 4, 0.0),
	(13550, 135, 41, '2021/09/10 08:26:16', '2021/09/10 09:26:16', 1, 4, 2.1),
	(13551, 135, 15, '2021/09/11 05:26:16', '2021/09/11 06:26:16', 3, 5, 1.7),
	(13552, 135, 130, '2021/09/12 02:26:16', '2021/09/12 03:26:16', 6, 5, 1.3),
	(13553, 135, 101, '2021/09/13 02:26:16', '2021/09/13 03:26:16', 4, 3, 1.6),
	(13554, 135, 166, '2021/09/14 01:26:16', '2021/09/14 02:26:16', 1, 3, 1.1),
	(13555, 135, 70, '2021/09/14 23:26:16', '2021/09/15 00:26:16', 3, 2, 0.6),
	(13556, 135, 125, '2021/09/15 20:26:16', '2021/09/15 21:26:16', 5, 1, 1.4),
	(13557, 135, 49, '2021/09/16 22:26:16', '2021/09/16 23:26:16', 5, 4, 1.4),
	(13558, 135, 63, '2021/09/17 23:26:16', '2021/09/18 00:26:16', 3, 2, 0.6),
	(13559, 135, 32, '2021/09/18 23:26:16', '2021/09/19 00:26:16', 4, 5, 1.4),
	(13560, 135, 174, '2021/09/19 22:26:16', '2021/09/19 23:26:16', 5, 1, 1.4),
	(13561, 135, 2, '2021/09/21 00:26:16', '2021/09/21 01:26:16', 2, 6, 1.7),
	(13562, 135, 83, '2021/09/21 22:26:16', '2021/09/21 23:26:16', 3, 1, 1.1),
	(13563, 135, 189, '2021/09/22 23:26:16', '2021/09/23 00:26:16', 3, 5, 1.7),
	(13564, 135, 145, '2021/09/23 23:26:16', '2021/09/24 00:26:16', 3, 2, 0.6),
	(13565, 135, 32, '2021/09/24 23:26:16', '2021/09/25 00:26:16', 5, 1, 1.4),
	(13566, 135, 192, '2021/09/25 23:26:16', '2021/09/26 00:26:16', 3, 4, 1.6),
	(13567, 135, 37, '2021/09/26 20:26:16', '2021/09/26 21:26:16', 4, 5, 1.4),
	(13568, 135, 48, '2021/09/27 21:26:16', '2021/09/27 22:26:16', 4, 2, 1.5),
	(13569, 135, 190, '2021/09/28 22:26:16', '2021/09/28 23:26:16', 4, 6, 2.6),
	(13570, 136, 84, '2021/11/04 01:33:11', '2021/11/04 02:33:11', 5, 3, 1.7),
	(13571, 136, 83, '2021/11/05 03:33:11', '2021/11/05 04:33:11', 1, 4, 2.1),
	(13572, 136, 146, '2021/11/06 04:33:11', '2021/11/06 05:33:11', 4, 6, 2.6),
	(13573, 136, 142, '2021/11/07 02:33:11', '2021/11/07 03:33:11', 5, 2, 1.2),
	(13574, 136, 182, '2021/11/08 03:33:11', '2021/11/08 04:33:11', 3, 1, 1.1),
	(13575, 136, 82, '2021/11/09 04:33:11', '2021/11/09 05:33:11', 3, 4, 1.6),
	(13576, 136, 87, '2021/11/10 03:33:11', '2021/11/10 04:33:11', 4, 6, 2.6),
	(13577, 136, 32, '2021/11/11 01:33:11', '2021/11/11 02:33:11', 1, 1, 0.0),
	(13578, 136, 71, '2021/11/12 01:33:11', '2021/11/12 02:33:11', 4, 4, 0.0),
	(13579, 136, 101, '2021/11/13 02:33:11', '2021/11/13 03:33:11', 3, 1, 1.1),
	(13580, 136, 74, '2021/11/14 03:33:11', '2021/11/14 04:33:11', 4, 5, 1.4),
	(13581, 136, 80, '2021/11/15 00:33:11', '2021/11/15 01:33:11', 5, 4, 1.4),
	(13582, 136, 173, '2021/11/16 00:33:11', '2021/11/16 01:33:11', 2, 5, 1.2),
	(13583, 136, 150, '2021/11/17 02:33:11', '2021/11/17 03:33:11', 5, 3, 1.7),
	(13584, 136, 150, '2021/11/18 01:33:11', '2021/11/18 02:33:11', 3, 3, 0.0),
	(13585, 136, 3, '2021/11/19 03:33:11', '2021/11/19 04:33:11', 6, 2, 1.7),
	(13586, 136, 136, '2021/11/20 01:33:11', '2021/11/20 02:33:11', 5, 3, 1.7),
	(13587, 136, 157, '2021/11/21 01:33:11', '2021/11/21 02:33:11', 3, 5, 1.7),
	(13588, 136, 35, '2021/11/21 22:33:11', '2021/11/21 23:33:11', 4, 1, 2.1),
	(13589, 136, 130, '2021/11/22 20:33:11', '2021/11/22 21:33:11', 5, 5, 0.0),
	(13590, 136, 120, '2021/11/23 22:33:11', '2021/11/23 23:33:11', 2, 3, 0.6),
	(13591, 136, 81, '2021/11/24 23:33:11', '2021/11/25 00:33:11', 4, 1, 2.1),
	(13592, 136, 27, '2021/11/25 20:33:11', '2021/11/25 21:33:11', 2, 6, 1.7),
	(13593, 136, 133, '2021/11/26 21:33:11', '2021/11/26 22:33:11', 5, 2, 1.2),
	(13594, 136, 10, '2021/11/27 18:33:11', '2021/11/27 19:33:11', 6, 3, 2.3),
	(13595, 137, 79, '2021/08/24 06:58:20', '2021/08/24 07:58:20', 2, 4, 1.5),
	(13596, 137, 136, '2021/08/25 03:58:20', '2021/08/25 04:58:20', 3, 1, 1.1),
	(13597, 137, 179, '2021/08/26 02:58:20', '2021/08/26 03:58:20', 6, 2, 1.7),
	(13598, 137, 119, '2021/08/27 04:58:20', '2021/08/27 05:58:20', 2, 4, 1.5),
	(13599, 137, 16, '2021/08/28 02:58:20', '2021/08/28 03:58:20', 4, 3, 1.6),
	(13600, 137, 10, '2021/08/29 03:58:20', '2021/08/29 04:58:20', 3, 4, 1.6),
	(13601, 137, 135, '2021/08/30 02:58:20', '2021/08/30 03:58:20', 6, 3, 2.3),
	(13602, 137, 113, '2021/08/31 00:58:20', '2021/08/31 01:58:20', 4, 1, 2.1),
	(13603, 137, 108, '2021/09/01 02:58:20', '2021/09/01 03:58:20', 4, 3, 1.6),
	(13604, 137, 174, '2021/09/02 02:58:20', '2021/09/02 03:58:20', 1, 3, 1.1),
	(13605, 137, 37, '2021/09/03 04:58:20', '2021/09/03 05:58:20', 5, 3, 1.7),
	(13606, 137, 40, '2021/09/04 03:58:20', '2021/09/04 04:58:20', 4, 4, 0.0),
	(13607, 137, 101, '2021/09/05 03:58:20', '2021/09/05 04:58:20', 1, 4, 2.1),
	(13608, 137, 113, '2021/09/06 00:58:20', '2021/09/06 01:58:20', 1, 1, 0.0),
	(13609, 137, 173, '2021/09/06 21:58:20', '2021/09/06 22:58:20', 5, 6, 1.3),
	(13610, 137, 153, '2021/09/07 19:58:20', '2021/09/07 20:58:20', 5, 4, 1.4),
	(13611, 137, 171, '2021/09/08 19:58:20', '2021/09/08 20:58:20', 5, 1, 1.4),
	(13612, 137, 101, '2021/09/09 19:58:20', '2021/09/09 20:58:20', 4, 6, 2.6),
	(13613, 137, 5, '2021/09/10 16:58:20', '2021/09/10 17:58:20', 5, 5, 0.0),
	(13614, 137, 148, '2021/09/11 13:58:20', '2021/09/11 14:58:20', 6, 1, 1.3),
	(13615, 137, 158, '2021/09/12 14:58:20', '2021/09/12 15:58:20', 6, 3, 2.3),
	(13616, 137, 120, '2021/09/13 13:58:20', '2021/09/13 14:58:20', 3, 2, 0.6),
	(13617, 137, 59, '2021/09/14 11:58:20', '2021/09/14 12:58:20', 5, 2, 1.2),
	(13618, 137, 22, '2021/09/15 09:58:20', '2021/09/15 10:58:20', 2, 2, 0.0),
	(13619, 137, 17, '2021/09/16 10:58:20', '2021/09/16 11:58:20', 5, 1, 1.4),
	(13620, 138, 16, '2022/03/12 00:42:39', '2022/03/12 01:42:39', 3, 6, 2.3),
	(13621, 138, 130, '2022/03/12 23:42:39', '2022/03/13 00:42:39', 5, 4, 1.4),
	(13622, 138, 166, '2022/03/14 00:42:39', '2022/03/14 01:42:39', 3, 4, 1.6),
	(13623, 138, 29, '2022/03/14 22:42:39', '2022/03/14 23:42:39', 2, 5, 1.2),
	(13624, 138, 48, '2022/03/15 22:42:39', '2022/03/15 23:42:39', 2, 4, 1.5),
	(13625, 138, 16, '2022/03/16 22:42:39', '2022/03/16 23:42:39', 6, 6, 0.0),
	(13626, 138, 177, '2022/03/18 00:42:39', '2022/03/18 01:42:39', 6, 1, 1.3),
	(13627, 138, 120, '2022/03/19 02:42:39', '2022/03/19 03:42:39', 2, 1, 0.7),
	(13628, 138, 32, '2022/03/20 04:42:39', '2022/03/20 05:42:39', 1, 2, 0.7),
	(13629, 138, 74, '2022/03/21 04:42:39', '2022/03/21 05:42:39', 5, 5, 0.0),
	(13630, 138, 12, '2022/03/22 03:42:39', '2022/03/22 04:42:39', 6, 1, 1.3),
	(13631, 138, 45, '2022/03/23 02:42:39', '2022/03/23 03:42:39', 5, 4, 1.4),
	(13632, 138, 113, '2022/03/24 03:42:39', '2022/03/24 04:42:39', 1, 4, 2.1),
	(13633, 138, 84, '2022/03/25 01:42:39', '2022/03/25 02:42:39', 3, 3, 0.0),
	(13634, 138, 101, '2022/03/26 01:42:39', '2022/03/26 02:42:39', 6, 4, 2.6),
	(13635, 138, 135, '2022/03/26 22:42:39', '2022/03/26 23:42:39', 3, 2, 0.6),
	(13636, 138, 84, '2022/03/27 19:42:39', '2022/03/27 20:42:39', 3, 3, 0.0),
	(13637, 138, 53, '2022/03/28 17:42:39', '2022/03/28 18:42:39', 6, 1, 1.3),
	(13638, 138, 171, '2022/03/29 17:42:39', '2022/03/29 18:42:39', 1, 5, 1.4),
	(13639, 138, 151, '2022/03/30 15:42:39', '2022/03/30 16:42:39', 5, 6, 1.3),
	(13640, 138, 173, '2022/03/31 17:42:39', '2022/03/31 18:42:39', 6, 5, 1.3),
	(13641, 138, 84, '2022/04/01 19:42:39', '2022/04/01 20:42:39', 3, 2, 0.6),
	(13642, 138, 125, '2022/04/02 17:42:39', '2022/04/02 18:42:39', 1, 5, 1.4),
	(13643, 138, 173, '2022/04/03 14:42:39', '2022/04/03 15:42:39', 5, 5, 0.0),
	(13644, 138, 53, '2022/04/04 11:42:39', '2022/04/04 12:42:39', 1, 1, 0.0),
	(13645, 139, 42, '2021/07/21 11:47:17', '2021/07/21 12:47:17', 2, 1, 0.7),
	(13646, 139, 127, '2021/07/22 09:47:17', '2021/07/22 10:47:17', 4, 6, 2.6),
	(13647, 139, 125, '2021/07/23 09:47:17', '2021/07/23 10:47:17', 5, 6, 1.3),
	(13648, 139, 157, '2021/07/24 09:47:17', '2021/07/24 10:47:17', 5, 3, 1.7),
	(13649, 139, 8, '2021/07/25 10:47:17', '2021/07/25 11:47:17', 2, 5, 1.2),
	(13650, 139, 74, '2021/07/26 08:47:17', '2021/07/26 09:47:17', 5, 1, 1.4),
	(13651, 139, 174, '2021/07/27 07:47:17', '2021/07/27 08:47:17', 3, 5, 1.7),
	(13652, 139, 56, '2021/07/28 06:47:17', '2021/07/28 07:47:17', 6, 2, 1.7),
	(13653, 139, 59, '2021/07/29 08:47:17', '2021/07/29 09:47:17', 2, 5, 1.2),
	(13654, 139, 159, '2021/07/30 09:47:17', '2021/07/30 10:47:17', 6, 4, 2.6),
	(13655, 139, 14, '2021/07/31 07:47:17', '2021/07/31 08:47:17', 5, 2, 1.2),
	(13656, 139, 143, '2021/08/01 04:47:17', '2021/08/01 05:47:17', 2, 5, 1.2),
	(13657, 139, 172, '2021/08/02 06:47:17', '2021/08/02 07:47:17', 2, 6, 1.7),
	(13658, 139, 171, '2021/08/03 07:47:17', '2021/08/03 08:47:17', 5, 1, 1.4),
	(13659, 139, 30, '2021/08/04 08:47:17', '2021/08/04 09:47:17', 2, 2, 0.0),
	(13660, 139, 120, '2021/08/05 06:47:17', '2021/08/05 07:47:17', 1, 2, 0.7),
	(13661, 139, 52, '2021/08/06 03:47:17', '2021/08/06 04:47:17', 4, 4, 0.0),
	(13662, 139, 37, '2021/08/07 04:47:17', '2021/08/07 05:47:17', 3, 5, 1.7),
	(13663, 139, 129, '2021/08/08 01:47:17', '2021/08/08 02:47:17', 5, 5, 0.0),
	(13664, 139, 108, '2021/08/09 00:47:17', '2021/08/09 01:47:17', 3, 3, 0.0),
	(13665, 139, 188, '2021/08/10 00:47:17', '2021/08/10 01:47:17', 2, 3, 0.6),
	(13666, 139, 158, '2021/08/11 00:47:17', '2021/08/11 01:47:17', 3, 2, 0.6),
	(13667, 139, 170, '2021/08/12 01:47:17', '2021/08/12 02:47:17', 6, 2, 1.7),
	(13668, 139, 188, '2021/08/12 23:47:17', '2021/08/13 00:47:17', 3, 1, 1.1),
	(13669, 139, 84, '2021/08/13 23:47:17', '2021/08/14 00:47:17', 2, 6, 1.7),
	(13670, 140, 181, '2022/02/24 14:20:48', '2022/02/24 15:20:48', 6, 1, 1.3),
	(13671, 140, 59, '2022/02/25 14:20:48', '2022/02/25 15:20:48', 5, 5, 0.0),
	(13672, 140, 106, '2022/02/26 16:20:48', '2022/02/26 17:20:48', 3, 1, 1.1),
	(13673, 140, 181, '2022/02/27 17:20:48', '2022/02/27 18:20:48', 1, 5, 1.4),
	(13674, 140, 133, '2022/02/28 14:20:48', '2022/02/28 15:20:48', 2, 5, 1.2),
	(13675, 140, 176, '2022/03/01 16:20:48', '2022/03/01 17:20:48', 6, 2, 1.7),
	(13676, 140, 157, '2022/03/02 18:20:48', '2022/03/02 19:20:48', 3, 2, 0.6),
	(13677, 140, 167, '2022/03/03 17:20:48', '2022/03/03 18:20:48', 4, 4, 0.0),
	(13678, 140, 179, '2022/03/04 16:20:48', '2022/03/04 17:20:48', 2, 3, 0.6),
	(13679, 140, 137, '2022/03/05 15:20:48', '2022/03/05 16:20:48', 2, 2, 0.0),
	(13680, 140, 179, '2022/03/06 12:20:48', '2022/03/06 13:20:48', 3, 6, 2.3),
	(13681, 140, 89, '2022/03/07 14:20:48', '2022/03/07 15:20:48', 6, 2, 1.7),
	(13682, 140, 169, '2022/03/08 15:20:48', '2022/03/08 16:20:48', 5, 3, 1.7),
	(13683, 140, 121, '2022/03/09 16:20:48', '2022/03/09 17:20:48', 4, 5, 1.4),
	(13684, 140, 67, '2022/03/10 13:20:48', '2022/03/10 14:20:48', 6, 2, 1.7),
	(13685, 140, 156, '2022/03/11 15:20:48', '2022/03/11 16:20:48', 4, 1, 2.1),
	(13686, 140, 148, '2022/03/12 13:20:48', '2022/03/12 14:20:48', 1, 3, 1.1),
	(13687, 140, 17, '2022/03/13 13:20:48', '2022/03/13 14:20:48', 1, 6, 1.3),
	(13688, 140, 181, '2022/03/14 12:20:48', '2022/03/14 13:20:48', 5, 3, 1.7),
	(13689, 140, 169, '2022/03/15 13:20:48', '2022/03/15 14:20:48', 3, 1, 1.1),
	(13690, 140, 143, '2022/03/16 11:20:48', '2022/03/16 12:20:48', 5, 3, 1.7),
	(13691, 140, 108, '2022/03/17 11:20:48', '2022/03/17 12:20:48', 3, 5, 1.7),
	(13692, 140, 21, '2022/03/18 11:20:48', '2022/03/18 12:20:48', 6, 4, 2.6),
	(13693, 140, 148, '2022/03/19 10:20:48', '2022/03/19 11:20:48', 3, 5, 1.7),
	(13694, 140, 50, '2022/03/20 10:20:48', '2022/03/20 11:20:48', 5, 5, 0.0),
	(13695, 141, 127, '2021/08/06 10:27:08', '2021/08/06 11:27:08', 6, 5, 1.3),
	(13696, 141, 182, '2021/08/07 09:27:08', '2021/08/07 10:27:08', 1, 3, 1.1),
	(13697, 141, 169, '2021/08/08 09:27:08', '2021/08/08 10:27:08', 1, 4, 2.1),
	(13698, 141, 143, '2021/08/09 07:27:08', '2021/08/09 08:27:08', 3, 6, 2.3),
	(13699, 141, 45, '2021/08/10 06:27:08', '2021/08/10 07:27:08', 4, 5, 1.4),
	(13700, 141, 39, '2021/08/11 08:27:08', '2021/08/11 09:27:08', 2, 3, 0.6),
	(13701, 141, 72, '2021/08/12 05:27:08', '2021/08/12 06:27:08', 4, 2, 1.5),
	(13702, 141, 170, '2021/08/13 06:27:08', '2021/08/13 07:27:08', 2, 5, 1.2),
	(13703, 141, 150, '2021/08/14 03:27:08', '2021/08/14 04:27:08', 3, 1, 1.1),
	(13704, 141, 182, '2021/08/15 00:27:08', '2021/08/15 01:27:08', 3, 1, 1.1),
	(13705, 141, 160, '2021/08/15 22:27:08', '2021/08/15 23:27:08', 6, 2, 1.7),
	(13706, 141, 5, '2021/08/17 00:27:08', '2021/08/17 01:27:08', 5, 1, 1.4),
	(13707, 141, 141, '2021/08/18 00:27:08', '2021/08/18 01:27:08', 4, 1, 2.1),
	(13708, 141, 190, '2021/08/19 01:27:08', '2021/08/19 02:27:08', 6, 4, 2.6),
	(13709, 141, 137, '2021/08/20 02:27:08', '2021/08/20 03:27:08', 2, 2, 0.0),
	(13710, 141, 39, '2021/08/21 01:27:08', '2021/08/21 02:27:08', 3, 3, 0.0),
	(13711, 141, 83, '2021/08/22 01:27:08', '2021/08/22 02:27:08', 4, 4, 0.0),
	(13712, 141, 187, '2021/08/23 01:27:08', '2021/08/23 02:27:08', 6, 1, 1.3),
	(13713, 141, 8, '2021/08/24 01:27:08', '2021/08/24 02:27:08', 5, 3, 1.7),
	(13714, 141, 82, '2021/08/25 01:27:08', '2021/08/25 02:27:08', 4, 5, 1.4),
	(13715, 141, 155, '2021/08/25 23:27:08', '2021/08/26 00:27:08', 2, 2, 0.0),
	(13716, 141, 88, '2021/08/27 00:27:08', '2021/08/27 01:27:08', 2, 4, 1.5),
	(13717, 141, 22, '2021/08/27 23:27:08', '2021/08/28 00:27:08', 2, 4, 1.5),
	(13718, 141, 8, '2021/08/28 20:27:08', '2021/08/28 21:27:08', 3, 6, 2.3),
	(13719, 141, 53, '2021/08/29 18:27:08', '2021/08/29 19:27:08', 1, 1, 0.0),
	(13720, 142, 136, '2022/01/02 09:34:10', '2022/01/02 10:34:10', 1, 3, 1.1),
	(13721, 142, 24, '2022/01/03 08:34:10', '2022/01/03 09:34:10', 2, 3, 0.6),
	(13722, 142, 154, '2022/01/04 05:34:10', '2022/01/04 06:34:10', 6, 5, 1.3),
	(13723, 142, 165, '2022/01/05 04:34:10', '2022/01/05 05:34:10', 6, 5, 1.3),
	(13724, 142, 65, '2022/01/06 01:34:10', '2022/01/06 02:34:10', 2, 3, 0.6),
	(13725, 142, 16, '2022/01/07 01:34:10', '2022/01/07 02:34:10', 6, 1, 1.3),
	(13726, 142, 127, '2022/01/08 01:34:10', '2022/01/08 02:34:10', 5, 3, 1.7),
	(13727, 142, 19, '2022/01/09 03:34:10', '2022/01/09 04:34:10', 2, 2, 0.0),
	(13728, 142, 5, '2022/01/10 00:34:10', '2022/01/10 01:34:10', 1, 4, 2.1),
	(13729, 142, 181, '2022/01/11 00:34:10', '2022/01/11 01:34:10', 3, 5, 1.7),
	(13730, 142, 12, '2022/01/12 00:34:10', '2022/01/12 01:34:10', 1, 1, 0.0),
	(13731, 142, 65, '2022/01/12 23:34:10', '2022/01/13 00:34:10', 3, 2, 0.6),
	(13732, 142, 121, '2022/01/13 20:34:10', '2022/01/13 21:34:10', 5, 5, 0.0),
	(13733, 142, 7, '2022/01/14 20:34:10', '2022/01/14 21:34:10', 5, 5, 0.0),
	(13734, 142, 173, '2022/01/15 19:34:10', '2022/01/15 20:34:10', 5, 3, 1.7),
	(13735, 142, 24, '2022/01/16 17:34:10', '2022/01/16 18:34:10', 3, 6, 2.3),
	(13736, 142, 188, '2022/01/17 15:34:10', '2022/01/17 16:34:10', 1, 2, 0.7),
	(13737, 142, 78, '2022/01/18 16:34:10', '2022/01/18 17:34:10', 4, 6, 2.6),
	(13738, 142, 28, '2022/01/19 13:34:10', '2022/01/19 14:34:10', 6, 5, 1.3),
	(13739, 142, 118, '2022/01/20 15:34:10', '2022/01/20 16:34:10', 6, 5, 1.3),
	(13740, 142, 20, '2022/01/21 14:34:10', '2022/01/21 15:34:10', 2, 2, 0.0),
	(13741, 142, 136, '2022/01/22 15:34:10', '2022/01/22 16:34:10', 3, 6, 2.3),
	(13742, 142, 153, '2022/01/23 17:34:10', '2022/01/23 18:34:10', 4, 4, 0.0),
	(13743, 142, 173, '2022/01/24 14:34:10', '2022/01/24 15:34:10', 3, 4, 1.6),
	(13744, 142, 39, '2022/01/25 16:34:10', '2022/01/25 17:34:10', 3, 1, 1.1),
	(13745, 143, 27, '2022/01/08 09:53:26', '2022/01/08 10:53:26', 6, 1, 1.3),
	(13746, 143, 127, '2022/01/09 08:53:26', '2022/01/09 09:53:26', 3, 3, 0.0),
	(13747, 143, 10, '2022/01/10 07:53:26', '2022/01/10 08:53:26', 4, 3, 1.6),
	(13748, 143, 125, '2022/01/11 09:53:26', '2022/01/11 10:53:26', 6, 6, 0.0),
	(13749, 143, 10, '2022/01/12 07:53:26', '2022/01/12 08:53:26', 3, 5, 1.7),
	(13750, 143, 55, '2022/01/13 07:53:26', '2022/01/13 08:53:26', 6, 6, 0.0),
	(13751, 143, 148, '2022/01/14 08:53:26', '2022/01/14 09:53:26', 5, 2, 1.2),
	(13752, 143, 127, '2022/01/15 06:53:26', '2022/01/15 07:53:26', 3, 1, 1.1),
	(13753, 143, 188, '2022/01/16 05:53:26', '2022/01/16 06:53:26', 2, 6, 1.7),
	(13754, 143, 188, '2022/01/18 08:53:26', '2022/01/18 09:53:26', 6, 3, 2.3),
	(13755, 143, 41, '2022/01/19 07:53:26', '2022/01/19 08:53:26', 4, 1, 2.1),
	(13756, 143, 178, '2022/01/20 07:53:26', '2022/01/20 08:53:26', 4, 3, 1.6),
	(13757, 143, 10, '2022/01/21 05:53:26', '2022/01/21 06:53:26', 5, 2, 1.2),
	(13758, 143, 172, '2022/01/22 04:53:26', '2022/01/22 05:53:26', 6, 5, 1.3),
	(13759, 143, 188, '2022/01/23 03:53:26', '2022/01/23 04:53:26', 3, 3, 0.0),
	(13760, 143, 71, '2022/01/24 01:53:26', '2022/01/24 02:53:26', 4, 3, 1.6),
	(13761, 143, 15, '2022/01/25 03:53:26', '2022/01/25 04:53:26', 5, 5, 0.0),
	(13762, 143, 78, '2022/01/26 03:53:26', '2022/01/26 04:53:26', 6, 5, 1.3),
	(13763, 143, 108, '2022/01/27 01:53:26', '2022/01/27 02:53:26', 5, 4, 1.4),
	(13764, 143, 61, '2022/01/27 23:53:26', '2022/01/28 00:53:26', 4, 2, 1.5),
	(13765, 143, 188, '2022/01/29 00:53:26', '2022/01/29 01:53:26', 3, 5, 1.7),
	(13766, 143, 127, '2022/01/30 00:53:26', '2022/01/30 01:53:26', 1, 4, 2.1),
	(13767, 143, 171, '2022/01/31 01:53:26', '2022/01/31 02:53:26', 1, 5, 1.4),
	(13768, 143, 0, '2022/02/01 01:53:26', '2022/02/01 02:53:26', 4, 1, 2.1),
	(13769, 144, 39, '2021/10/24 01:23:06', '2021/10/24 02:23:06', 1, 5, 1.4),
	(13770, 144, 71, '2021/10/24 23:23:06', '2021/10/25 00:23:06', 3, 6, 2.3),
	(13771, 144, 178, '2021/10/25 22:23:06', '2021/10/25 23:23:06', 3, 3, 0.0),
	(13772, 144, 178, '2021/10/26 20:23:06', '2021/10/26 21:23:06', 3, 4, 1.6),
	(13773, 144, 29, '2021/10/28 21:23:06', '2021/10/28 22:23:06', 5, 1, 1.4),
	(13774, 144, 155, '2021/10/29 20:23:06', '2021/10/29 21:23:06', 2, 3, 0.6),
	(13775, 144, 161, '2021/10/30 22:23:06', '2021/10/30 23:23:06', 5, 4, 1.4),
	(13776, 144, 172, '2021/10/31 22:23:06', '2021/10/31 23:23:06', 5, 3, 1.7),
	(13777, 144, 172, '2021/11/02 00:23:06', '2021/11/02 01:23:06', 3, 3, 0.0),
	(13778, 144, 32, '2021/11/03 01:23:06', '2021/11/03 02:23:06', 2, 2, 0.0),
	(13779, 144, 148, '2021/11/04 00:23:06', '2021/11/04 01:23:06', 2, 3, 0.6),
	(13780, 144, 71, '2021/11/05 02:23:06', '2021/11/05 03:23:06', 6, 4, 2.6),
	(13781, 144, 122, '2021/11/06 04:23:06', '2021/11/06 05:23:06', 2, 4, 1.5),
	(13782, 144, 123, '2021/11/07 03:23:06', '2021/11/07 04:23:06', 2, 2, 0.0),
	(13783, 144, 189, '2021/11/08 01:23:06', '2021/11/08 02:23:06', 5, 3, 1.7),
	(13784, 144, 172, '2021/11/09 02:23:06', '2021/11/09 03:23:06', 3, 5, 1.7),
	(13785, 144, 12, '2021/11/10 04:23:06', '2021/11/10 05:23:06', 1, 5, 1.4),
	(13786, 144, 159, '2021/11/11 03:23:06', '2021/11/11 04:23:06', 4, 1, 2.1),
	(13787, 144, 177, '2021/11/12 05:23:06', '2021/11/12 06:23:06', 1, 4, 2.1),
	(13788, 144, 8, '2021/11/13 02:23:06', '2021/11/13 03:23:06', 6, 1, 1.3),
	(13789, 144, 2, '2021/11/14 04:23:06', '2021/11/14 05:23:06', 6, 2, 1.7),
	(13790, 144, 43, '2021/11/15 02:23:06', '2021/11/15 03:23:06', 6, 6, 0.0),
	(13791, 144, 42, '2021/11/15 23:23:06', '2021/11/16 00:23:06', 1, 3, 1.1),
	(13792, 144, 189, '2021/11/17 00:23:06', '2021/11/17 01:23:06', 3, 2, 0.6),
	(13793, 145, 30, '2021/11/19 20:34:27', '2021/11/19 21:34:27', 2, 5, 1.2),
	(13794, 145, 29, '2021/11/20 17:34:27', '2021/11/20 18:34:27', 1, 3, 1.1),
	(13795, 145, 6, '2021/11/21 17:34:27', '2021/11/21 18:34:27', 6, 2, 1.7),
	(13796, 145, 170, '2021/11/22 17:34:27', '2021/11/22 18:34:27', 5, 5, 0.0),
	(13797, 145, 35, '2021/11/23 15:34:27', '2021/11/23 16:34:27', 1, 3, 1.1),
	(13798, 145, 188, '2021/11/24 16:34:27', '2021/11/24 17:34:27', 5, 6, 1.3),
	(13799, 145, 71, '2021/11/25 13:34:27', '2021/11/25 14:34:27', 4, 5, 1.4),
	(13800, 145, 69, '2021/11/26 15:34:27', '2021/11/26 16:34:27', 4, 3, 1.6),
	(13801, 145, 148, '2021/11/27 13:34:27', '2021/11/27 14:34:27', 3, 3, 0.0),
	(13802, 145, 42, '2021/11/28 13:34:27', '2021/11/28 14:34:27', 3, 3, 0.0),
	(13803, 145, 148, '2021/11/29 15:34:27', '2021/11/29 16:34:27', 3, 6, 2.3),
	(13804, 145, 84, '2021/11/30 13:34:27', '2021/11/30 14:34:27', 6, 5, 1.3),
	(13805, 145, 33, '2021/12/01 12:34:27', '2021/12/01 13:34:27', 2, 3, 0.6),
	(13806, 145, 30, '2021/12/02 13:34:27', '2021/12/02 14:34:27', 5, 2, 1.2),
	(13807, 145, 136, '2021/12/03 11:34:27', '2021/12/03 12:34:27', 6, 4, 2.6),
	(13808, 145, 0, '2021/12/04 11:34:27', '2021/12/04 12:34:27', 1, 1, 0.0),
	(13809, 145, 180, '2021/12/05 08:34:27', '2021/12/05 09:34:27', 6, 1, 1.3),
	(13810, 145, 184, '2021/12/06 10:34:27', '2021/12/06 11:34:27', 4, 1, 2.1),
	(13811, 145, 42, '2021/12/07 08:34:27', '2021/12/07 09:34:27', 3, 6, 2.3),
	(13812, 145, 25, '2021/12/08 06:34:27', '2021/12/08 07:34:27', 4, 1, 2.1),
	(13813, 145, 3, '2021/12/09 05:34:27', '2021/12/09 06:34:27', 2, 2, 0.0),
	(13814, 145, 143, '2021/12/10 05:34:27', '2021/12/10 06:34:27', 6, 4, 2.6),
	(13815, 145, 25, '2021/12/11 03:34:27', '2021/12/11 04:34:27', 1, 2, 0.7),
	(13816, 145, 164, '2021/12/12 00:34:27', '2021/12/12 01:34:27', 2, 5, 1.2),
	(13817, 145, 29, '2021/12/13 02:34:27', '2021/12/13 03:34:27', 3, 4, 1.6),
	(13818, 146, 69, '2021/08/23 09:41:19', '2021/08/23 10:41:19', 3, 2, 0.6),
	(13819, 146, 63, '2021/08/24 09:41:19', '2021/08/24 10:41:19', 2, 2, 0.0),
	(13820, 146, 155, '2021/08/25 07:41:19', '2021/08/25 08:41:19', 3, 3, 0.0),
	(13821, 146, 170, '2021/08/26 06:41:19', '2021/08/26 07:41:19', 5, 4, 1.4),
	(13822, 146, 74, '2021/08/27 08:41:19', '2021/08/27 09:41:19', 1, 3, 1.1),
	(13823, 146, 50, '2021/08/28 09:41:19', '2021/08/28 10:41:19', 5, 3, 1.7),
	(13824, 146, 50, '2021/08/29 11:41:19', '2021/08/29 12:41:19', 3, 5, 1.7),
	(13825, 146, 39, '2021/08/30 10:41:19', '2021/08/30 11:41:19', 5, 1, 1.4),
	(13826, 146, 12, '2021/08/31 07:41:19', '2021/08/31 08:41:19', 5, 5, 0.0),
	(13827, 146, 0, '2021/09/01 09:41:19', '2021/09/01 10:41:19', 1, 3, 1.1),
	(13828, 146, 65, '2021/09/02 10:41:19', '2021/09/02 11:41:19', 2, 2, 0.0),
	(13829, 146, 148, '2021/09/03 11:41:19', '2021/09/03 12:41:19', 6, 6, 0.0),
	(13830, 146, 120, '2021/09/04 08:41:19', '2021/09/04 09:41:19', 2, 2, 0.0),
	(13831, 146, 168, '2021/09/05 06:41:19', '2021/09/05 07:41:19', 4, 3, 1.6),
	(13832, 146, 49, '2021/09/06 06:41:19', '2021/09/06 07:41:19', 4, 6, 2.6),
	(13833, 146, 74, '2021/09/07 04:41:19', '2021/09/07 05:41:19', 3, 5, 1.7),
	(13834, 146, 59, '2021/09/08 06:41:19', '2021/09/08 07:41:19', 5, 4, 1.4),
	(13835, 146, 172, '2021/09/09 06:41:19', '2021/09/09 07:41:19', 5, 3, 1.7),
	(13836, 146, 60, '2021/09/10 07:41:19', '2021/09/10 08:41:19', 2, 5, 1.2),
	(13837, 146, 0, '2021/09/11 05:41:19', '2021/09/11 06:41:19', 3, 5, 1.7),
	(13838, 146, 168, '2021/09/12 05:41:19', '2021/09/12 06:41:19', 3, 1, 1.1),
	(13839, 146, 4, '2021/09/13 04:41:19', '2021/09/13 05:41:19', 2, 4, 1.5),
	(13840, 146, 129, '2021/09/14 01:41:19', '2021/09/14 02:41:19', 5, 6, 1.3),
	(13841, 146, 32, '2021/09/15 02:41:19', '2021/09/15 03:41:19', 2, 6, 1.7),
	(13842, 146, 55, '2021/09/16 00:41:19', '2021/09/16 01:41:19', 6, 3, 2.3),
	(13843, 147, 8, '2022/05/28 01:03:52', '2022/05/28 02:03:52', 1, 1, 0.0),
	(13844, 147, 181, '2022/05/28 22:03:52', '2022/05/28 23:03:52', 5, 3, 1.7),
	(13845, 147, 177, '2022/05/29 20:03:52', '2022/05/29 21:03:52', 4, 1, 2.1),
	(13846, 147, 133, '2022/05/30 21:03:52', '2022/05/30 22:03:52', 5, 6, 1.3),
	(13847, 147, 85, '2022/05/31 19:03:52', '2022/05/31 20:03:52', 4, 4, 0.0),
	(13848, 147, 35, '2022/06/01 18:03:52', '2022/06/01 19:03:52', 3, 5, 1.7),
	(13849, 147, 18, '2022/06/02 16:03:52', '2022/06/02 17:03:52', 6, 6, 0.0),
	(13850, 147, 22, '2022/06/03 13:03:52', '2022/06/03 14:03:52', 4, 1, 2.1),
	(13851, 147, 19, '2022/06/04 11:03:52', '2022/06/04 12:03:52', 2, 2, 0.0),
	(13852, 147, 0, '2022/06/05 11:03:52', '2022/06/05 12:03:52', 5, 2, 1.2),
	(13853, 147, 129, '2022/06/06 08:03:52', '2022/06/06 09:03:52', 6, 1, 1.3),
	(13854, 147, 181, '2022/06/07 05:03:52', '2022/06/07 06:03:52', 3, 4, 1.6),
	(13855, 147, 115, '2022/06/08 03:03:52', '2022/06/08 04:03:52', 6, 6, 0.0),
	(13856, 147, 64, '2022/06/09 04:03:52', '2022/06/09 05:03:52', 2, 3, 0.6),
	(13857, 147, 55, '2022/06/10 06:03:52', '2022/06/10 07:03:52', 3, 5, 1.7),
	(13858, 147, 131, '2022/06/11 04:03:52', '2022/06/11 05:03:52', 2, 2, 0.0),
	(13859, 147, 33, '2022/06/12 01:03:52', '2022/06/12 02:03:52', 3, 3, 0.0),
	(13860, 147, 141, '2022/06/12 23:03:52', '2022/06/13 00:03:52', 1, 2, 0.7),
	(13861, 147, 104, '2022/06/13 22:03:52', '2022/06/13 23:03:52', 6, 5, 1.3),
	(13862, 147, 39, '2022/06/15 00:03:52', '2022/06/15 01:03:52', 1, 2, 0.7),
	(13863, 147, 149, '2022/06/16 00:03:52', '2022/06/16 01:03:52', 2, 3, 0.6),
	(13864, 147, 160, '2022/06/16 23:03:52', '2022/06/17 00:03:52', 2, 6, 1.7),
	(13865, 147, 150, '2022/06/18 01:03:52', '2022/06/18 02:03:52', 1, 1, 0.0),
	(13866, 147, 145, '2022/06/19 01:03:52', '2022/06/19 02:03:52', 2, 1, 0.7),
	(13867, 147, 179, '2022/06/20 00:03:52', '2022/06/20 01:03:52', 6, 5, 1.3),
	(13868, 148, 81, '2021/08/10 16:48:41', '2021/08/10 17:48:41', 1, 3, 1.1),
	(13869, 148, 177, '2021/08/11 18:48:41', '2021/08/11 19:48:41', 1, 1, 0.0),
	(13870, 148, 139, '2021/08/12 19:48:41', '2021/08/12 20:48:41', 2, 1, 0.7),
	(13871, 148, 51, '2021/08/13 16:48:41', '2021/08/13 17:48:41', 6, 6, 0.0),
	(13872, 148, 42, '2021/08/14 17:48:41', '2021/08/14 18:48:41', 6, 6, 0.0),
	(13873, 148, 64, '2021/08/15 17:48:41', '2021/08/15 18:48:41', 3, 6, 2.3),
	(13874, 148, 170, '2021/08/16 19:48:41', '2021/08/16 20:48:41', 4, 2, 1.5),
	(13875, 148, 57, '2021/08/17 18:48:41', '2021/08/17 19:48:41', 6, 6, 0.0),
	(13876, 148, 156, '2021/08/18 17:48:41', '2021/08/18 18:48:41', 1, 3, 1.1),
	(13877, 148, 3, '2021/08/19 17:48:41', '2021/08/19 18:48:41', 2, 6, 1.7),
	(13878, 148, 24, '2021/08/20 17:48:41', '2021/08/20 18:48:41', 6, 5, 1.3),
	(13879, 148, 156, '2021/08/21 17:48:41', '2021/08/21 18:48:41', 3, 1, 1.1),
	(13880, 148, 104, '2021/08/22 14:48:41', '2021/08/22 15:48:41', 5, 2, 1.2),
	(13881, 148, 84, '2021/08/23 12:48:41', '2021/08/23 13:48:41', 5, 6, 1.3),
	(13882, 148, 71, '2021/08/24 13:48:41', '2021/08/24 14:48:41', 5, 3, 1.7),
	(13883, 148, 87, '2021/08/25 12:48:41', '2021/08/25 13:48:41', 6, 2, 1.7),
	(13884, 148, 79, '2021/08/26 12:48:41', '2021/08/26 13:48:41', 4, 5, 1.4),
	(13885, 148, 33, '2021/08/27 12:48:41', '2021/08/27 13:48:41', 3, 2, 0.6),
	(13886, 148, 43, '2021/08/28 13:48:41', '2021/08/28 14:48:41', 6, 1, 1.3),
	(13887, 148, 125, '2021/08/29 11:48:41', '2021/08/29 12:48:41', 6, 2, 1.7),
	(13888, 148, 26, '2021/08/30 09:48:41', '2021/08/30 10:48:41', 5, 1, 1.4),
	(13889, 148, 152, '2021/08/31 11:48:41', '2021/08/31 12:48:41', 6, 2, 1.7),
	(13890, 148, 169, '2021/09/01 08:48:41', '2021/09/01 09:48:41', 4, 6, 2.6),
	(13891, 148, 172, '2021/09/02 10:48:41', '2021/09/02 11:48:41', 3, 4, 1.6),
	(13892, 148, 30, '2021/09/03 11:48:41', '2021/09/03 12:48:41', 2, 2, 0.0),
	(13893, 149, 71, '2022/03/15 17:56:14', '2022/03/15 18:56:14', 3, 3, 0.0),
	(13894, 149, 104, '2022/03/16 17:56:14', '2022/03/16 18:56:14', 2, 6, 1.7),
	(13895, 149, 46, '2022/03/17 14:56:14', '2022/03/17 15:56:14', 2, 6, 1.7),
	(13896, 149, 139, '2022/03/18 15:56:14', '2022/03/18 16:56:14', 1, 4, 2.1),
	(13897, 149, 155, '2022/03/19 12:56:14', '2022/03/19 13:56:14', 3, 2, 0.6),
	(13898, 149, 28, '2022/03/20 10:56:14', '2022/03/20 11:56:14', 5, 3, 1.7),
	(13899, 149, 112, '2022/03/21 10:56:14', '2022/03/21 11:56:14', 2, 6, 1.7),
	(13900, 149, 81, '2022/03/22 12:56:14', '2022/03/22 13:56:14', 3, 6, 2.3),
	(13901, 149, 37, '2022/03/23 10:56:14', '2022/03/23 11:56:14', 5, 4, 1.4),
	(13902, 149, 149, '2022/03/24 07:56:14', '2022/03/24 08:56:14', 3, 2, 0.6),
	(13903, 149, 61, '2022/03/25 04:56:14', '2022/03/25 05:56:14', 2, 2, 0.0),
	(13904, 149, 16, '2022/03/26 06:56:14', '2022/03/26 07:56:14', 1, 5, 1.4),
	(13905, 149, 44, '2022/03/27 04:56:14', '2022/03/27 05:56:14', 4, 1, 2.1),
	(13906, 149, 65, '2022/03/28 02:56:14', '2022/03/28 03:56:14', 2, 1, 0.7),
	(13907, 149, 163, '2022/03/29 02:56:14', '2022/03/29 03:56:14', 2, 5, 1.2),
	(13908, 149, 121, '2022/03/30 04:56:14', '2022/03/30 05:56:14', 5, 6, 1.3),
	(13909, 149, 181, '2022/03/31 03:56:14', '2022/03/31 04:56:14', 4, 4, 0.0),
	(13910, 149, 53, '2022/04/01 05:56:14', '2022/04/01 06:56:14', 1, 3, 1.1),
	(13911, 149, 106, '2022/04/02 04:56:14', '2022/04/02 05:56:14', 1, 1, 0.0),
	(13912, 149, 6, '2022/04/03 04:56:14', '2022/04/03 05:56:14', 2, 1, 0.7),
	(13913, 149, 171, '2022/04/04 02:56:14', '2022/04/04 03:56:14', 5, 5, 0.0),
	(13914, 149, 154, '2022/04/04 23:56:14', '2022/04/05 00:56:14', 5, 4, 1.4),
	(13915, 149, 187, '2022/04/05 21:56:14', '2022/04/05 22:56:14', 1, 3, 1.1),
	(13916, 149, 170, '2022/04/06 21:56:14', '2022/04/06 22:56:14', 2, 1, 0.7),
	(13917, 149, 57, '2022/04/07 20:56:14', '2022/04/07 21:56:14', 6, 2, 1.7),
	(13918, 150, 45, '2021/10/27 23:00:43', '2021/10/28 00:00:43', 5, 3, 1.7),
	(13919, 150, 61, '2021/10/28 23:00:43', '2021/10/29 00:00:43', 2, 5, 1.2),
	(13920, 150, 128, '2021/10/30 00:00:43', '2021/10/30 01:00:43', 4, 6, 2.6),
	(13921, 150, 12, '2021/10/31 00:00:43', '2021/10/31 01:00:43', 5, 3, 1.7),
	(13922, 150, 171, '2021/10/31 22:00:43', '2021/10/31 23:00:43', 5, 6, 1.3),
	(13923, 150, 41, '2021/11/01 21:00:43', '2021/11/01 22:00:43', 1, 2, 0.7),
	(13924, 150, 179, '2021/11/02 21:00:43', '2021/11/02 22:00:43', 5, 4, 1.4),
	(13925, 150, 43, '2021/11/03 20:00:43', '2021/11/03 21:00:43', 1, 4, 2.1),
	(13926, 150, 169, '2021/11/04 17:00:43', '2021/11/04 18:00:43', 6, 5, 1.3),
	(13927, 150, 180, '2021/11/05 17:00:43', '2021/11/05 18:00:43', 1, 2, 0.7),
	(13928, 150, 129, '2021/11/06 17:00:43', '2021/11/06 18:00:43', 1, 1, 0.0),
	(13929, 150, 6, '2021/11/07 14:00:43', '2021/11/07 15:00:43', 1, 2, 0.7),
	(13930, 150, 45, '2021/11/08 12:00:43', '2021/11/08 13:00:43', 3, 5, 1.7),
	(13931, 150, 60, '2021/11/09 12:00:43', '2021/11/09 13:00:43', 5, 5, 0.0),
	(13932, 150, 3, '2021/11/10 13:00:43', '2021/11/10 14:00:43', 6, 2, 1.7),
	(13933, 150, 28, '2021/11/11 15:00:43', '2021/11/11 16:00:43', 3, 1, 1.1),
	(13934, 150, 150, '2021/11/12 17:00:43', '2021/11/12 18:00:43', 1, 6, 1.3),
	(13935, 150, 48, '2021/11/13 17:00:43', '2021/11/13 18:00:43', 4, 6, 2.6),
	(13936, 150, 5, '2021/11/14 14:00:43', '2021/11/14 15:00:43', 4, 2, 1.5),
	(13937, 150, 79, '2021/11/15 14:00:43', '2021/11/15 15:00:43', 5, 6, 1.3),
	(13938, 150, 16, '2021/11/16 12:00:43', '2021/11/16 13:00:43', 5, 1, 1.4),
	(13939, 150, 27, '2021/11/17 13:00:43', '2021/11/17 14:00:43', 1, 5, 1.4),
	(13940, 150, 36, '2021/11/18 12:00:43', '2021/11/18 13:00:43', 6, 3, 2.3),
	(13941, 150, 173, '2021/11/19 11:00:43', '2021/11/19 12:00:43', 4, 3, 1.6),
	(13942, 150, 82, '2021/11/20 09:00:43', '2021/11/20 10:00:43', 5, 1, 1.4),
	(13943, 151, 173, '2021/08/21 18:08:01', '2021/08/21 19:08:01', 3, 4, 1.6),
	(13944, 151, 146, '2021/08/22 20:08:01', '2021/08/22 21:08:01', 6, 1, 1.3),
	(13945, 151, 187, '2021/08/23 18:08:01', '2021/08/23 19:08:01', 3, 4, 1.6),
	(13946, 151, 165, '2021/08/24 17:08:01', '2021/08/24 18:08:01', 5, 1, 1.4),
	(13947, 151, 179, '2021/08/25 17:08:01', '2021/08/25 18:08:01', 4, 4, 0.0),
	(13948, 151, 118, '2021/08/26 16:08:01', '2021/08/26 17:08:01', 5, 6, 1.3),
	(13949, 151, 153, '2021/08/27 13:08:01', '2021/08/27 14:08:01', 4, 1, 2.1),
	(13950, 151, 26, '2021/08/28 14:08:01', '2021/08/28 15:08:01', 1, 4, 2.1),
	(13951, 151, 15, '2021/08/29 13:08:01', '2021/08/29 14:08:01', 5, 4, 1.4),
	(13952, 151, 71, '2021/08/30 13:08:01', '2021/08/30 14:08:01', 3, 6, 2.3),
	(13953, 151, 36, '2021/08/31 14:08:01', '2021/08/31 15:08:01', 3, 3, 0.0),
	(13954, 151, 79, '2021/09/01 14:08:01', '2021/09/01 15:08:01', 6, 6, 0.0),
	(13955, 151, 190, '2021/09/02 11:08:01', '2021/09/02 12:08:01', 4, 6, 2.6),
	(13956, 151, 53, '2021/09/03 09:08:01', '2021/09/03 10:08:01', 3, 1, 1.1),
	(13957, 151, 110, '2021/09/04 08:08:01', '2021/09/04 09:08:01', 6, 3, 2.3),
	(13958, 151, 12, '2021/09/05 08:08:01', '2021/09/05 09:08:01', 3, 1, 1.1),
	(13959, 151, 157, '2021/09/06 07:08:01', '2021/09/06 08:08:01', 2, 3, 0.6),
	(13960, 151, 79, '2021/09/07 05:08:01', '2021/09/07 06:08:01', 6, 2, 1.7),
	(13961, 151, 101, '2021/09/08 02:08:01', '2021/09/08 03:08:01', 4, 4, 0.0),
	(13962, 151, 120, '2021/09/09 00:08:01', '2021/09/09 01:08:01', 2, 4, 1.5),
	(13963, 151, 36, '2021/09/10 00:08:01', '2021/09/10 01:08:01', 3, 2, 0.6),
	(13964, 151, 149, '2021/09/11 00:08:01', '2021/09/11 01:08:01', 2, 3, 0.6),
	(13965, 151, 149, '2021/09/12 02:08:01', '2021/09/12 03:08:01', 3, 5, 1.7),
	(13966, 151, 157, '2021/09/13 02:08:01', '2021/09/13 03:08:01', 3, 2, 0.6),
	(13967, 151, 7, '2021/09/14 01:08:01', '2021/09/14 02:08:01', 5, 3, 1.7),
	(13968, 152, 115, '2022/03/26 17:35:42', '2022/03/26 18:35:42', 6, 6, 0.0),
	(13969, 152, 12, '2022/03/27 17:35:42', '2022/03/27 18:35:42', 1, 6, 1.3),
	(13970, 152, 67, '2022/03/28 17:35:42', '2022/03/28 18:35:42', 2, 2, 0.0),
	(13971, 152, 44, '2022/03/29 14:35:42', '2022/03/29 15:35:42', 1, 3, 1.1),
	(13972, 152, 150, '2022/03/30 13:35:42', '2022/03/30 14:35:42', 6, 6, 0.0),
	(13973, 152, 165, '2022/03/31 14:35:42', '2022/03/31 15:35:42', 1, 5, 1.4),
	(13974, 152, 75, '2022/04/01 12:35:42', '2022/04/01 13:35:42', 6, 3, 2.3),
	(13975, 152, 117, '2022/04/02 09:35:42', '2022/04/02 10:35:42', 2, 1, 0.7),
	(13976, 152, 90, '2022/04/03 07:35:42', '2022/04/03 08:35:42', 6, 1, 1.3),
	(13977, 152, 146, '2022/04/04 09:35:42', '2022/04/04 10:35:42', 1, 2, 0.7),
	(13978, 152, 166, '2022/04/05 06:35:42', '2022/04/05 07:35:42', 4, 6, 2.6),
	(13979, 152, 71, '2022/04/06 04:35:42', '2022/04/06 05:35:42', 6, 1, 1.3),
	(13980, 152, 26, '2022/04/07 04:35:42', '2022/04/07 05:35:42', 4, 1, 2.1),
	(13981, 152, 59, '2022/04/08 01:35:42', '2022/04/08 02:35:42', 4, 3, 1.6),
	(13982, 152, 125, '2022/04/09 03:35:42', '2022/04/09 04:35:42', 2, 2, 0.0),
	(13983, 152, 23, '2022/04/10 03:35:42', '2022/04/10 04:35:42', 4, 5, 1.4),
	(13984, 152, 8, '2022/04/11 03:35:42', '2022/04/11 04:35:42', 1, 1, 0.0),
	(13985, 152, 186, '2022/04/12 02:35:42', '2022/04/12 03:35:42', 2, 1, 0.7),
	(13986, 152, 183, '2022/04/13 04:35:42', '2022/04/13 05:35:42', 6, 6, 0.0),
	(13987, 152, 112, '2022/04/14 04:35:42', '2022/04/14 05:35:42', 6, 5, 1.3),
	(13988, 152, 16, '2022/04/15 03:35:42', '2022/04/15 04:35:42', 1, 4, 2.1),
	(13989, 152, 61, '2022/04/16 04:35:42', '2022/04/16 05:35:42', 5, 1, 1.4),
	(13990, 152, 162, '2022/04/17 04:35:42', '2022/04/17 05:35:42', 4, 1, 2.1),
	(13991, 152, 56, '2022/04/18 03:35:42', '2022/04/18 04:35:42', 2, 6, 1.7),
	(13992, 152, 45, '2022/04/19 03:35:42', '2022/04/19 04:35:42', 5, 6, 1.3),
	(13993, 153, 66, '2022/02/18 13:06:10', '2022/02/18 14:06:10', 4, 1, 2.1),
	(13994, 153, 66, '2022/02/19 13:06:10', '2022/02/19 14:06:10', 1, 5, 1.4),
	(13995, 153, 90, '2022/02/20 12:06:10', '2022/02/20 13:06:10', 1, 2, 0.7),
	(13996, 153, 173, '2022/02/21 11:06:10', '2022/02/21 12:06:10', 4, 5, 1.4),
	(13997, 153, 117, '2022/02/22 11:06:10', '2022/02/22 12:06:10', 1, 6, 1.3),
	(13998, 153, 44, '2022/02/23 13:06:10', '2022/02/23 14:06:10', 3, 4, 1.6),
	(13999, 153, 182, '2022/02/24 12:06:10', '2022/02/24 13:06:10', 1, 2, 0.7),
	(14000, 153, 27, '2022/02/25 12:06:10', '2022/02/25 13:06:10', 5, 6, 1.3),
	(14001, 153, 159, '2022/02/26 10:06:10', '2022/02/26 11:06:10', 1, 6, 1.3),
	(14002, 153, 163, '2022/02/27 07:06:10', '2022/02/27 08:06:10', 5, 1, 1.4),
	(14003, 153, 158, '2022/02/28 06:06:10', '2022/02/28 07:06:10', 2, 2, 0.0),
	(14004, 153, 7, '2022/03/01 03:06:10', '2022/03/01 04:06:10', 3, 5, 1.7),
	(14005, 153, 174, '2022/03/02 04:06:10', '2022/03/02 05:06:10', 5, 3, 1.7),
	(14006, 153, 21, '2022/03/03 04:06:10', '2022/03/03 05:06:10', 4, 6, 2.6),
	(14007, 153, 110, '2022/03/04 04:06:10', '2022/03/04 05:06:10', 3, 1, 1.1),
	(14008, 153, 112, '2022/03/05 04:06:10', '2022/03/05 05:06:10', 5, 5, 0.0),
	(14009, 153, 0, '2022/03/06 06:06:10', '2022/03/06 07:06:10', 2, 2, 0.0),
	(14010, 153, 116, '2022/03/07 04:06:10', '2022/03/07 05:06:10', 4, 5, 1.4),
	(14011, 153, 72, '2022/03/08 06:06:10', '2022/03/08 07:06:10', 2, 4, 1.5),
	(14012, 153, 173, '2022/03/09 07:06:10', '2022/03/09 08:06:10', 5, 3, 1.7),
	(14013, 153, 110, '2022/03/10 09:06:10', '2022/03/10 10:06:10', 1, 6, 1.3),
	(14014, 153, 106, '2022/03/11 09:06:10', '2022/03/11 10:06:10', 1, 1, 0.0),
	(14015, 153, 8, '2022/03/12 11:06:10', '2022/03/12 12:06:10', 1, 1, 0.0),
	(14016, 153, 168, '2022/03/13 10:06:10', '2022/03/13 11:06:10', 1, 5, 1.4),
	(14017, 153, 3, '2022/03/14 08:06:10', '2022/03/14 09:06:10', 2, 6, 1.7),
	(14018, 154, 124, '2022/01/09 22:08:25', '2022/01/09 23:08:25', 4, 3, 1.6),
	(14019, 154, 2, '2022/01/10 19:08:25', '2022/01/10 20:08:25', 2, 2, 0.0),
	(14020, 154, 190, '2022/01/11 21:08:25', '2022/01/11 22:08:25', 6, 2, 1.7),
	(14021, 154, 3, '2022/01/12 21:08:25', '2022/01/12 22:08:25', 6, 2, 1.7),
	(14022, 154, 67, '2022/01/13 18:08:25', '2022/01/13 19:08:25', 2, 2, 0.0),
	(14023, 154, 19, '2022/01/14 19:08:25', '2022/01/14 20:08:25', 2, 2, 0.0),
	(14024, 154, 65, '2022/01/15 18:08:25', '2022/01/15 19:08:25', 1, 3, 1.1),
	(14025, 154, 177, '2022/01/16 20:08:25', '2022/01/16 21:08:25', 1, 1, 0.0),
	(14026, 154, 75, '2022/01/17 20:08:25', '2022/01/17 21:08:25', 3, 5, 1.7),
	(14027, 154, 21, '2022/01/18 17:08:25', '2022/01/18 18:08:25', 6, 3, 2.3),
	(14028, 154, 78, '2022/01/19 18:08:25', '2022/01/19 19:08:25', 5, 4, 1.4),
	(14029, 154, 108, '2022/01/20 19:08:25', '2022/01/20 20:08:25', 4, 4, 0.0),
	(14030, 154, 9, '2022/01/21 21:08:25', '2022/01/21 22:08:25', 4, 3, 1.6),
	(14031, 154, 50, '2022/01/22 18:08:25', '2022/01/22 19:08:25', 5, 6, 1.3),
	(14032, 154, 9, '2022/01/23 17:08:25', '2022/01/23 18:08:25', 3, 5, 1.7),
	(14033, 154, 153, '2022/01/24 14:08:25', '2022/01/24 15:08:25', 1, 3, 1.1),
	(14034, 154, 134, '2022/01/25 15:08:25', '2022/01/25 16:08:25', 4, 1, 2.1),
	(14035, 154, 177, '2022/01/26 15:08:25', '2022/01/26 16:08:25', 1, 4, 2.1),
	(14036, 154, 60, '2022/01/27 12:08:25', '2022/01/27 13:08:25', 5, 1, 1.4),
	(14037, 154, 180, '2022/01/28 13:08:25', '2022/01/28 14:08:25', 2, 4, 1.5),
	(14038, 154, 22, '2022/01/29 15:08:25', '2022/01/29 16:08:25', 1, 3, 1.1),
	(14039, 154, 132, '2022/01/30 14:08:25', '2022/01/30 15:08:25', 4, 6, 2.6),
	(14040, 154, 53, '2022/01/31 14:08:25', '2022/01/31 15:08:25', 1, 1, 0.0),
	(14041, 154, 129, '2022/02/01 13:08:25', '2022/02/01 14:08:25', 1, 6, 1.3),
	(14042, 154, 43, '2022/02/02 14:08:25', '2022/02/02 15:08:25', 4, 4, 0.0),
	(14043, 155, 174, '2021/06/16 09:49:18', '2021/06/16 10:49:18', 3, 5, 1.7),
	(14044, 155, 26, '2021/06/17 07:49:18', '2021/06/17 08:49:18', 1, 4, 2.1),
	(14045, 155, 155, '2021/06/18 04:49:18', '2021/06/18 05:49:18', 2, 3, 0.6),
	(14046, 155, 128, '2021/06/19 01:49:18', '2021/06/19 02:49:18', 6, 3, 2.3),
	(14047, 155, 15, '2021/06/19 22:49:18', '2021/06/19 23:49:18', 4, 6, 2.6),
	(14048, 155, 124, '2021/06/20 21:49:18', '2021/06/20 22:49:18', 3, 4, 1.6),
	(14049, 155, 116, '2021/06/21 23:49:18', '2021/06/22 00:49:18', 5, 6, 1.3),
	(14050, 155, 87, '2021/06/22 23:49:18', '2021/06/23 00:49:18', 2, 2, 0.0),
	(14051, 155, 109, '2021/06/23 21:49:18', '2021/06/23 22:49:18', 2, 2, 0.0),
	(14052, 155, 16, '2021/06/24 21:49:18', '2021/06/24 22:49:18', 4, 3, 1.6),
	(14053, 155, 119, '2021/06/25 21:49:18', '2021/06/25 22:49:18', 4, 4, 0.0),
	(14054, 155, 173, '2021/06/26 23:49:18', '2021/06/27 00:49:18', 3, 4, 1.6),
	(14055, 155, 136, '2021/06/28 01:49:18', '2021/06/28 02:49:18', 4, 6, 2.6),
	(14056, 155, 43, '2021/06/29 01:49:18', '2021/06/29 02:49:18', 4, 1, 2.1),
	(14057, 155, 104, '2021/06/30 02:49:18', '2021/06/30 03:49:18', 6, 3, 2.3),
	(14058, 155, 12, '2021/07/01 01:49:18', '2021/07/01 02:49:18', 6, 5, 1.3),
	(14059, 155, 7, '2021/07/02 00:49:18', '2021/07/02 01:49:18', 5, 6, 1.3),
	(14060, 155, 18, '2021/07/03 01:49:18', '2021/07/03 02:49:18', 6, 1, 1.3),
	(14061, 155, 104, '2021/07/04 01:49:18', '2021/07/04 02:49:18', 3, 2, 0.6),
	(14062, 155, 12, '2021/07/05 00:49:18', '2021/07/05 01:49:18', 5, 2, 1.2),
	(14063, 155, 125, '2021/07/06 00:49:18', '2021/07/06 01:49:18', 2, 1, 0.7),
	(14064, 155, 149, '2021/07/07 01:49:18', '2021/07/07 02:49:18', 5, 4, 1.4),
	(14065, 155, 23, '2021/07/08 03:49:18', '2021/07/08 04:49:18', 5, 5, 0.0),
	(14066, 155, 18, '2021/07/09 04:49:18', '2021/07/09 05:49:18', 1, 3, 1.1),
	(14067, 155, 53, '2021/07/10 01:49:18', '2021/07/10 02:49:18', 1, 1, 0.0),
	(14068, 156, 111, '2022/02/03 07:13:52', '2022/02/03 08:13:52', 4, 6, 2.6),
	(14069, 156, 130, '2022/02/04 06:13:52', '2022/02/04 07:13:52', 4, 2, 1.5),
	(14070, 156, 114, '2022/02/05 07:13:52', '2022/02/05 08:13:52', 2, 1, 0.7),
	(14071, 156, 45, '2022/02/06 04:13:52', '2022/02/06 05:13:52', 6, 1, 1.3),
	(14072, 156, 125, '2022/02/07 04:13:52', '2022/02/07 05:13:52', 1, 2, 0.7),
	(14073, 156, 131, '2022/02/08 05:13:52', '2022/02/08 06:13:52', 2, 5, 1.2),
	(14074, 156, 151, '2022/02/09 07:13:52', '2022/02/09 08:13:52', 6, 6, 0.0),
	(14075, 156, 162, '2022/02/10 09:13:52', '2022/02/10 10:13:52', 1, 3, 1.1),
	(14076, 156, 155, '2022/02/11 10:13:52', '2022/02/11 11:13:52', 3, 5, 1.7),
	(14077, 156, 38, '2022/02/12 11:13:52', '2022/02/12 12:13:52', 2, 2, 0.0),
	(14078, 156, 154, '2022/02/13 13:13:52', '2022/02/13 14:13:52', 4, 2, 1.5),
	(14079, 156, 114, '2022/02/14 11:13:52', '2022/02/14 12:13:52', 1, 6, 1.3),
	(14080, 156, 87, '2022/02/15 10:13:52', '2022/02/15 11:13:52', 2, 3, 0.6),
	(14081, 156, 72, '2022/02/16 12:13:52', '2022/02/16 13:13:52', 4, 1, 2.1),
	(14082, 156, 190, '2022/02/17 14:13:52', '2022/02/17 15:13:52', 2, 2, 0.0),
	(14083, 156, 69, '2022/02/18 11:13:52', '2022/02/18 12:13:52', 2, 1, 0.7),
	(14084, 156, 133, '2022/02/19 09:13:52', '2022/02/19 10:13:52', 6, 2, 1.7),
	(14085, 156, 35, '2022/02/20 06:13:52', '2022/02/20 07:13:52', 5, 2, 1.2),
	(14086, 156, 22, '2022/02/21 04:13:52', '2022/02/21 05:13:52', 3, 1, 1.1),
	(14087, 156, 127, '2022/02/22 01:13:52', '2022/02/22 02:13:52', 4, 3, 1.6),
	(14088, 156, 89, '2022/02/23 00:13:52', '2022/02/23 01:13:52', 2, 3, 0.6),
	(14089, 156, 84, '2022/02/24 01:13:52', '2022/02/24 02:13:52', 6, 2, 1.7),
	(14090, 156, 31, '2022/02/25 00:13:52', '2022/02/25 01:13:52', 6, 6, 0.0),
	(14091, 156, 73, '2022/02/25 23:13:52', '2022/02/26 00:13:52', 6, 1, 1.3),
	(14092, 156, 9, '2022/02/27 00:13:52', '2022/02/27 01:13:52', 5, 6, 1.3),
	(14093, 157, 48, '2021/10/06 05:03:54', '2021/10/06 06:03:54', 6, 3, 2.3),
	(14094, 157, 55, '2021/10/07 03:03:54', '2021/10/07 04:03:54', 5, 6, 1.3),
	(14095, 157, 16, '2021/10/08 04:03:54', '2021/10/08 05:03:54', 3, 1, 1.1),
	(14096, 157, 133, '2021/10/09 03:03:54', '2021/10/09 04:03:54', 2, 5, 1.2),
	(14097, 157, 172, '2021/10/10 04:03:54', '2021/10/10 05:03:54', 4, 4, 0.0),
	(14098, 157, 164, '2021/10/11 03:03:54', '2021/10/11 04:03:54', 5, 1, 1.4),
	(14099, 157, 108, '2021/10/12 03:03:54', '2021/10/12 04:03:54', 4, 6, 2.6),
	(14100, 157, 169, '2021/10/13 03:03:54', '2021/10/13 04:03:54', 5, 2, 1.2),
	(14101, 157, 65, '2021/10/14 02:03:54', '2021/10/14 03:03:54', 3, 6, 2.3),
	(14102, 157, 150, '2021/10/15 02:03:54', '2021/10/15 03:03:54', 6, 3, 2.3),
	(14103, 157, 23, '2021/10/16 02:03:54', '2021/10/16 03:03:54', 5, 6, 1.3),
	(14104, 157, 59, '2021/10/17 02:03:54', '2021/10/17 03:03:54', 3, 1, 1.1),
	(14105, 157, 158, '2021/10/17 23:03:54', '2021/10/18 00:03:54', 2, 2, 0.0),
	(14106, 157, 18, '2021/10/19 01:03:54', '2021/10/19 02:03:54', 3, 1, 1.1),
	(14107, 157, 117, '2021/10/19 22:03:54', '2021/10/19 23:03:54', 6, 6, 0.0),
	(14108, 157, 137, '2021/10/21 00:03:54', '2021/10/21 01:03:54', 2, 5, 1.2),
	(14109, 157, 170, '2021/10/22 01:03:54', '2021/10/22 02:03:54', 1, 4, 2.1),
	(14110, 157, 68, '2021/10/23 00:03:54', '2021/10/23 01:03:54', 4, 6, 2.6),
	(14111, 157, 145, '2021/10/23 21:03:54', '2021/10/23 22:03:54', 1, 3, 1.1),
	(14112, 157, 72, '2021/10/24 19:03:54', '2021/10/24 20:03:54', 1, 2, 0.7),
	(14113, 157, 66, '2021/10/25 18:03:54', '2021/10/25 19:03:54', 5, 6, 1.3),
	(14114, 157, 153, '2021/10/26 15:03:54', '2021/10/26 16:03:54', 3, 1, 1.1),
	(14115, 157, 135, '2021/10/27 13:03:54', '2021/10/27 14:03:54', 2, 3, 0.6),
	(14116, 157, 15, '2021/10/28 13:03:54', '2021/10/28 14:03:54', 6, 5, 1.3),
	(14117, 157, 161, '2021/10/29 15:03:54', '2021/10/29 16:03:54', 4, 4, 0.0),
	(14118, 158, 139, '2021/10/19 23:42:38', '2021/10/20 00:42:38', 4, 2, 1.5),
	(14119, 158, 71, '2021/10/20 21:42:38', '2021/10/20 22:42:38', 1, 4, 2.1),
	(14120, 158, 69, '2021/10/21 23:42:38', '2021/10/22 00:42:38', 1, 5, 1.4),
	(14121, 158, 178, '2021/10/23 01:42:38', '2021/10/23 02:42:38', 4, 3, 1.6),
	(14122, 158, 64, '2021/10/23 22:42:38', '2021/10/23 23:42:38', 6, 4, 2.6),
	(14123, 158, 159, '2021/10/25 00:42:38', '2021/10/25 01:42:38', 6, 1, 1.3),
	(14124, 158, 122, '2021/10/26 02:42:38', '2021/10/26 03:42:38', 4, 1, 2.1),
	(14125, 158, 153, '2021/10/26 23:42:38', '2021/10/27 00:42:38', 1, 3, 1.1),
	(14126, 158, 162, '2021/10/28 01:42:38', '2021/10/28 02:42:38', 3, 4, 1.6),
	(14127, 158, 69, '2021/10/29 01:42:38', '2021/10/29 02:42:38', 5, 1, 1.4),
	(14128, 158, 174, '2021/10/30 01:42:38', '2021/10/30 02:42:38', 5, 5, 0.0),
	(14129, 158, 142, '2021/10/31 03:42:38', '2021/10/31 04:42:38', 2, 1, 0.7),
	(14130, 158, 139, '2021/11/01 04:42:38', '2021/11/01 05:42:38', 2, 2, 0.0),
	(14131, 158, 136, '2021/11/02 02:42:38', '2021/11/02 03:42:38', 6, 3, 2.3),
	(14132, 158, 179, '2021/11/03 04:42:38', '2021/11/03 05:42:38', 4, 6, 2.6),
	(14133, 158, 86, '2021/11/04 04:42:38', '2021/11/04 05:42:38', 6, 4, 2.6),
	(14134, 158, 147, '2021/11/05 05:42:38', '2021/11/05 06:42:38', 2, 3, 0.6),
	(14135, 158, 155, '2021/11/06 06:42:38', '2021/11/06 07:42:38', 5, 2, 1.2),
	(14136, 158, 150, '2021/11/07 06:42:38', '2021/11/07 07:42:38', 3, 6, 2.3),
	(14137, 158, 117, '2021/11/08 03:42:38', '2021/11/08 04:42:38', 6, 4, 2.6),
	(14138, 158, 155, '2021/11/09 02:42:38', '2021/11/09 03:42:38', 2, 5, 1.2),
	(14139, 158, 145, '2021/11/10 01:42:38', '2021/11/10 02:42:38', 3, 3, 0.0),
	(14140, 158, 155, '2021/11/10 22:42:38', '2021/11/10 23:42:38', 5, 5, 0.0),
	(14141, 158, 75, '2021/11/11 21:42:38', '2021/11/11 22:42:38', 5, 4, 1.4),
	(14142, 158, 135, '2021/11/12 20:42:38', '2021/11/12 21:42:38', 3, 1, 1.1),
	(14143, 159, 24, '2021/10/02 17:13:05', '2021/10/02 18:13:05', 5, 6, 1.3),
	(14144, 159, 22, '2021/10/03 18:13:05', '2021/10/03 19:13:05', 1, 5, 1.4),
	(14145, 159, 127, '2021/10/04 20:13:05', '2021/10/04 21:13:05', 3, 3, 0.0),
	(14146, 159, 146, '2021/10/05 17:13:05', '2021/10/05 18:13:05', 2, 3, 0.6),
	(14147, 159, 159, '2021/10/06 17:13:05', '2021/10/06 18:13:05', 1, 6, 1.3),
	(14148, 159, 188, '2021/10/07 19:13:05', '2021/10/07 20:13:05', 6, 2, 1.7),
	(14149, 159, 115, '2021/10/08 17:13:05', '2021/10/08 18:13:05', 6, 4, 2.6),
	(14150, 159, 87, '2021/10/09 17:13:05', '2021/10/09 18:13:05', 3, 3, 0.0),
	(14151, 159, 190, '2021/10/10 17:13:05', '2021/10/10 18:13:05', 2, 1, 0.7),
	(14152, 159, 48, '2021/10/11 18:13:05', '2021/10/11 19:13:05', 3, 4, 1.6),
	(14153, 159, 153, '2021/10/12 17:13:05', '2021/10/12 18:13:05', 3, 1, 1.1),
	(14154, 159, 146, '2021/10/13 17:13:05', '2021/10/13 18:13:05', 3, 4, 1.6),
	(14155, 159, 114, '2021/10/14 19:13:05', '2021/10/14 20:13:05', 6, 1, 1.3),
	(14156, 159, 145, '2021/10/15 16:13:05', '2021/10/15 17:13:05', 3, 1, 1.1),
	(14157, 159, 134, '2021/10/16 18:13:05', '2021/10/16 19:13:05', 1, 3, 1.1),
	(14158, 159, 128, '2021/10/17 19:13:05', '2021/10/17 20:13:05', 3, 4, 1.6),
	(14159, 159, 147, '2021/10/18 20:13:05', '2021/10/18 21:13:05', 3, 2, 0.6),
	(14160, 159, 142, '2021/10/19 19:13:05', '2021/10/19 20:13:05', 1, 2, 0.7),
	(14161, 159, 133, '2021/10/20 20:13:05', '2021/10/20 21:13:05', 5, 6, 1.3),
	(14162, 159, 25, '2021/10/21 18:13:05', '2021/10/21 19:13:05', 2, 5, 1.2),
	(14163, 159, 64, '2021/10/22 15:13:05', '2021/10/22 16:13:05', 4, 5, 1.4),
	(14164, 159, 51, '2021/10/23 12:13:05', '2021/10/23 13:13:05', 6, 4, 2.6),
	(14165, 159, 139, '2021/10/24 10:13:05', '2021/10/24 11:13:05', 2, 2, 0.0),
	(14166, 159, 163, '2021/10/25 10:13:05', '2021/10/25 11:13:05', 1, 2, 0.7),
	(14167, 159, 87, '2021/10/26 12:13:05', '2021/10/26 13:13:05', 3, 3, 0.0),
	(14168, 160, 39, '2021/07/06 18:46:37', '2021/07/06 19:46:37', 2, 3, 0.6),
	(14169, 160, 134, '2021/07/07 20:46:37', '2021/07/07 21:46:37', 3, 3, 0.0),
	(14170, 160, 52, '2021/07/08 20:46:37', '2021/07/08 21:46:37', 4, 6, 2.6),
	(14171, 160, 10, '2021/07/09 17:46:37', '2021/07/09 18:46:37', 2, 3, 0.6),
	(14172, 160, 137, '2021/07/10 14:46:37', '2021/07/10 15:46:37', 5, 4, 1.4),
	(14173, 160, 148, '2021/07/11 11:46:37', '2021/07/11 12:46:37', 6, 6, 0.0),
	(14174, 160, 136, '2021/07/12 10:46:37', '2021/07/12 11:46:37', 3, 1, 1.1),
	(14175, 160, 86, '2021/07/13 08:46:37', '2021/07/13 09:46:37', 4, 6, 2.6),
	(14176, 160, 77, '2021/07/14 06:46:37', '2021/07/14 07:46:37', 6, 6, 0.0),
	(14177, 160, 67, '2021/07/15 08:46:37', '2021/07/15 09:46:37', 2, 3, 0.6),
	(14178, 160, 39, '2021/07/16 09:46:37', '2021/07/16 10:46:37', 3, 5, 1.7),
	(14179, 160, 134, '2021/07/17 07:46:37', '2021/07/17 08:46:37', 3, 6, 2.3),
	(14180, 160, 108, '2021/07/18 08:46:37', '2021/07/18 09:46:37', 6, 3, 2.3),
	(14181, 160, 108, '2021/07/19 05:46:37', '2021/07/19 06:46:37', 3, 4, 1.6),
	(14182, 160, 138, '2021/07/20 04:46:37', '2021/07/20 05:46:37', 6, 5, 1.3),
	(14183, 160, 192, '2021/07/21 06:46:37', '2021/07/21 07:46:37', 4, 2, 1.5),
	(14184, 160, 138, '2021/07/22 05:46:37', '2021/07/22 06:46:37', 5, 6, 1.3),
	(14185, 160, 150, '2021/07/23 05:46:37', '2021/07/23 06:46:37', 6, 3, 2.3),
	(14186, 160, 58, '2021/07/24 04:46:37', '2021/07/24 05:46:37', 6, 5, 1.3),
	(14187, 160, 38, '2021/07/25 01:46:37', '2021/07/25 02:46:37', 2, 4, 1.5),
	(14188, 160, 144, '2021/07/26 02:46:37', '2021/07/26 03:46:37', 2, 1, 0.7),
	(14189, 160, 125, '2021/07/27 04:46:37', '2021/07/27 05:46:37', 2, 5, 1.2),
	(14190, 160, 131, '2021/07/28 03:46:37', '2021/07/28 04:46:37', 5, 6, 1.3),
	(14191, 160, 112, '2021/07/29 05:46:37', '2021/07/29 06:46:37', 5, 6, 1.3),
	(14192, 160, 143, '2021/07/30 05:46:37', '2021/07/30 06:46:37', 4, 5, 1.4),
	(14193, 161, 127, '2021/07/11 01:10:16', '2021/07/11 02:10:16', 3, 5, 1.7),
	(14194, 161, 41, '2021/07/11 22:10:16', '2021/07/11 23:10:16', 2, 2, 0.0),
	(14195, 161, 78, '2021/07/12 21:10:16', '2021/07/12 22:10:16', 4, 4, 0.0),
	(14196, 161, 101, '2021/07/13 19:10:16', '2021/07/13 20:10:16', 4, 3, 1.6),
	(14197, 161, 101, '2021/07/14 16:10:16', '2021/07/14 17:10:16', 3, 5, 1.7),
	(14198, 161, 89, '2021/07/15 18:10:16', '2021/07/15 19:10:16', 3, 6, 2.3),
	(14199, 161, 182, '2021/07/16 20:10:16', '2021/07/16 21:10:16', 2, 2, 0.0),
	(14200, 161, 21, '2021/07/17 18:10:16', '2021/07/17 19:10:16', 3, 2, 0.6),
	(14201, 161, 73, '2021/07/18 19:10:16', '2021/07/18 20:10:16', 1, 6, 1.3),
	(14202, 161, 73, '2021/07/19 19:10:16', '2021/07/19 20:10:16', 6, 2, 1.7),
	(14203, 161, 174, '2021/07/20 18:10:16', '2021/07/20 19:10:16', 5, 3, 1.7),
	(14204, 161, 29, '2021/07/21 15:10:16', '2021/07/21 16:10:16', 4, 1, 2.1),
	(14205, 161, 87, '2021/07/22 13:10:16', '2021/07/22 14:10:16', 3, 1, 1.1),
	(14206, 161, 83, '2021/07/23 14:10:16', '2021/07/23 15:10:16', 4, 2, 1.5),
	(14207, 161, 158, '2021/07/24 16:10:16', '2021/07/24 17:10:16', 2, 4, 1.5),
	(14208, 161, 173, '2021/07/25 18:10:16', '2021/07/25 19:10:16', 4, 3, 1.6),
	(14209, 161, 19, '2021/07/26 16:10:16', '2021/07/26 17:10:16', 2, 2, 0.0),
	(14210, 161, 135, '2021/07/27 16:10:16', '2021/07/27 17:10:16', 1, 2, 0.7),
	(14211, 161, 121, '2021/07/28 15:10:16', '2021/07/28 16:10:16', 6, 4, 2.6),
	(14212, 161, 112, '2021/07/29 13:10:16', '2021/07/29 14:10:16', 6, 3, 2.3),
	(14213, 161, 80, '2021/07/30 14:10:16', '2021/07/30 15:10:16', 4, 2, 1.5),
	(14214, 161, 157, '2021/07/31 11:10:16', '2021/07/31 12:10:16', 2, 4, 1.5),
	(14215, 161, 165, '2021/08/01 13:10:16', '2021/08/01 14:10:16', 5, 5, 0.0),
	(14216, 161, 167, '2021/08/02 12:10:16', '2021/08/02 13:10:16', 4, 4, 0.0),
	(14217, 161, 31, '2021/08/03 13:10:16', '2021/08/03 14:10:16', 6, 1, 1.3),
	(14218, 162, 184, '2021/07/27 03:05:09', '2021/07/27 04:05:09', 1, 5, 1.4),
	(14219, 162, 132, '2021/07/28 02:05:09', '2021/07/28 03:05:09', 6, 5, 1.3),
	(14220, 162, 138, '2021/07/29 02:05:09', '2021/07/29 03:05:09', 6, 1, 1.3),
	(14221, 162, 134, '2021/07/29 23:05:09', '2021/07/30 00:05:09', 6, 2, 1.7),
	(14222, 162, 37, '2021/07/30 22:05:09', '2021/07/30 23:05:09', 4, 2, 1.5),
	(14223, 162, 21, '2021/07/31 22:05:09', '2021/07/31 23:05:09', 2, 5, 1.2),
	(14224, 162, 179, '2021/08/01 23:05:09', '2021/08/02 00:05:09', 6, 6, 0.0),
	(14225, 162, 18, '2021/08/03 00:05:09', '2021/08/03 01:05:09', 1, 3, 1.1),
	(14226, 162, 112, '2021/08/03 23:05:09', '2021/08/04 00:05:09', 3, 6, 2.3),
	(14227, 162, 21, '2021/08/04 22:05:09', '2021/08/04 23:05:09', 5, 5, 0.0),
	(14228, 162, 174, '2021/08/06 00:05:09', '2021/08/06 01:05:09', 3, 5, 1.7),
	(14229, 162, 25, '2021/08/07 02:05:09', '2021/08/07 03:05:09', 5, 3, 1.7),
	(14230, 162, 74, '2021/08/08 00:05:09', '2021/08/08 01:05:09', 5, 3, 1.7),
	(14231, 162, 131, '2021/08/09 00:05:09', '2021/08/09 01:05:09', 6, 2, 1.7),
	(14232, 162, 87, '2021/08/10 01:05:09', '2021/08/10 02:05:09', 1, 3, 1.1),
	(14233, 162, 113, '2021/08/10 22:05:09', '2021/08/10 23:05:09', 4, 1, 2.1),
	(14234, 162, 18, '2021/08/11 23:05:09', '2021/08/12 00:05:09', 3, 1, 1.1),
	(14235, 162, 42, '2021/08/13 01:05:09', '2021/08/13 02:05:09', 6, 1, 1.3),
	(14236, 162, 68, '2021/08/14 02:05:09', '2021/08/14 03:05:09', 6, 6, 0.0),
	(14237, 162, 15, '2021/08/15 04:05:09', '2021/08/15 05:05:09', 5, 6, 1.3),
	(14238, 162, 172, '2021/08/16 04:05:09', '2021/08/16 05:05:09', 4, 2, 1.5),
	(14239, 162, 161, '2021/08/17 02:05:09', '2021/08/17 03:05:09', 4, 5, 1.4),
	(14240, 162, 125, '2021/08/18 00:05:09', '2021/08/18 01:05:09', 5, 3, 1.7),
	(14241, 162, 58, '2021/08/18 21:05:09', '2021/08/18 22:05:09', 5, 5, 0.0),
	(14242, 162, 127, '2021/08/19 19:05:09', '2021/08/19 20:05:09', 5, 5, 0.0),
	(14243, 163, 172, '2021/11/12 23:15:59', '2021/11/13 00:15:59', 2, 6, 1.7),
	(14244, 163, 28, '2021/11/13 23:15:59', '2021/11/14 00:15:59', 1, 4, 2.1),
	(14245, 163, 10, '2021/11/14 22:15:59', '2021/11/14 23:15:59', 3, 3, 0.0),
	(14246, 163, 32, '2021/11/15 21:15:59', '2021/11/15 22:15:59', 6, 2, 1.7),
	(14247, 163, 76, '2021/11/16 23:15:59', '2021/11/17 00:15:59', 4, 6, 2.6),
	(14248, 163, 132, '2021/11/17 23:15:59', '2021/11/18 00:15:59', 5, 5, 0.0),
	(14249, 163, 90, '2021/11/19 01:15:59', '2021/11/19 02:15:59', 2, 3, 0.6),
	(14250, 163, 137, '2021/11/20 02:15:59', '2021/11/20 03:15:59', 4, 4, 0.0),
	(14251, 163, 130, '2021/11/21 04:15:59', '2021/11/21 05:15:59', 2, 5, 1.2),
	(14252, 163, 90, '2021/11/22 04:15:59', '2021/11/22 05:15:59', 3, 2, 0.6),
	(14253, 163, 16, '2021/11/23 05:15:59', '2021/11/23 06:15:59', 1, 5, 1.4),
	(14254, 163, 18, '2021/11/24 07:15:59', '2021/11/24 08:15:59', 1, 3, 1.1),
	(14255, 163, 154, '2021/11/25 09:15:59', '2021/11/25 10:15:59', 2, 4, 1.5),
	(14256, 163, 131, '2021/11/26 09:15:59', '2021/11/26 10:15:59', 2, 2, 0.0),
	(14257, 163, 16, '2021/11/27 08:15:59', '2021/11/27 09:15:59', 5, 4, 1.4),
	(14258, 163, 144, '2021/11/28 08:15:59', '2021/11/28 09:15:59', 1, 2, 0.7),
	(14259, 163, 69, '2021/11/29 05:15:59', '2021/11/29 06:15:59', 1, 2, 0.7),
	(14260, 163, 175, '2021/11/30 02:15:59', '2021/11/30 03:15:59', 2, 5, 1.2),
	(14261, 163, 45, '2021/12/01 04:15:59', '2021/12/01 05:15:59', 1, 2, 0.7),
	(14262, 163, 182, '2021/12/02 03:15:59', '2021/12/02 04:15:59', 2, 5, 1.2),
	(14263, 163, 39, '2021/12/03 05:15:59', '2021/12/03 06:15:59', 5, 4, 1.4),
	(14264, 163, 20, '2021/12/04 06:15:59', '2021/12/04 07:15:59', 2, 4, 1.5),
	(14265, 163, 179, '2021/12/05 04:15:59', '2021/12/05 05:15:59', 6, 4, 2.6),
	(14266, 163, 192, '2021/12/06 01:15:59', '2021/12/06 02:15:59', 2, 1, 0.7),
	(14267, 163, 74, '2021/12/06 23:15:59', '2021/12/07 00:15:59', 3, 2, 0.6),
	(14268, 164, 122, '2022/04/24 09:31:30', '2022/04/24 10:31:30', 1, 3, 1.1),
	(14269, 164, 69, '2022/04/25 07:31:30', '2022/04/25 08:31:30', 2, 6, 1.7),
	(14270, 164, 122, '2022/04/26 08:31:30', '2022/04/26 09:31:30', 3, 4, 1.6),
	(14271, 164, 10, '2022/04/27 06:31:30', '2022/04/27 07:31:30', 3, 5, 1.7),
	(14272, 164, 123, '2022/04/28 07:31:30', '2022/04/28 08:31:30', 2, 5, 1.2),
	(14273, 164, 90, '2022/04/29 05:31:30', '2022/04/29 06:31:30', 2, 5, 1.2),
	(14274, 164, 146, '2022/04/30 02:31:30', '2022/04/30 03:31:30', 4, 1, 2.1),
	(14275, 164, 46, '2022/05/01 02:31:30', '2022/05/01 03:31:30', 6, 1, 1.3),
	(14276, 164, 87, '2022/05/01 23:31:30', '2022/05/02 00:31:30', 3, 1, 1.1),
	(14277, 164, 187, '2022/05/02 23:31:30', '2022/05/03 00:31:30', 4, 6, 2.6),
	(14278, 164, 35, '2022/05/03 20:31:30', '2022/05/03 21:31:30', 2, 1, 0.7),
	(14279, 164, 192, '2022/05/04 22:31:30', '2022/05/04 23:31:30', 1, 3, 1.1),
	(14280, 164, 153, '2022/05/06 00:31:30', '2022/05/06 01:31:30', 1, 1, 0.0),
	(14281, 164, 158, '2022/05/06 22:31:30', '2022/05/06 23:31:30', 4, 5, 1.4),
	(14282, 164, 12, '2022/05/07 19:31:30', '2022/05/07 20:31:30', 2, 3, 0.6),
	(14283, 164, 88, '2022/05/08 19:31:30', '2022/05/08 20:31:30', 4, 6, 2.6),
	(14284, 164, 111, '2022/05/09 21:31:30', '2022/05/09 22:31:30', 6, 4, 2.6),
	(14285, 164, 22, '2022/05/10 18:31:30', '2022/05/10 19:31:30', 5, 1, 1.4),
	(14286, 164, 123, '2022/05/11 16:31:30', '2022/05/11 17:31:30', 5, 4, 1.4),
	(14287, 164, 156, '2022/05/12 18:31:30', '2022/05/12 19:31:30', 1, 2, 0.7),
	(14288, 164, 119, '2022/05/13 16:31:30', '2022/05/13 17:31:30', 4, 2, 1.5),
	(14289, 164, 88, '2022/05/14 13:31:30', '2022/05/14 14:31:30', 6, 3, 2.3),
	(14290, 164, 18, '2022/05/15 11:31:30', '2022/05/15 12:31:30', 3, 3, 0.0),
	(14291, 164, 34, '2022/05/16 12:31:30', '2022/05/16 13:31:30', 6, 2, 1.7),
	(14292, 164, 60, '2022/05/17 14:31:30', '2022/05/17 15:31:30', 1, 5, 1.4),
	(14293, 165, 168, '2022/05/12 16:26:59', '2022/05/12 17:26:59', 5, 1, 1.4),
	(14294, 165, 184, '2022/05/13 13:26:59', '2022/05/13 14:26:59', 5, 4, 1.4),
	(14295, 165, 82, '2022/05/14 15:26:59', '2022/05/14 16:26:59', 1, 2, 0.7),
	(14296, 165, 21, '2022/05/15 16:26:59', '2022/05/15 17:26:59', 5, 3, 1.7),
	(14297, 165, 42, '2022/05/16 14:26:59', '2022/05/16 15:26:59', 1, 3, 1.1),
	(14298, 165, 89, '2022/05/17 14:26:59', '2022/05/17 15:26:59', 6, 6, 0.0),
	(14299, 165, 53, '2022/05/18 13:26:59', '2022/05/18 14:26:59', 1, 2, 0.7),
	(14300, 165, 64, '2022/05/19 14:26:59', '2022/05/19 15:26:59', 5, 5, 0.0),
	(14301, 165, 150, '2022/05/20 12:26:59', '2022/05/20 13:26:59', 3, 2, 0.6),
	(14302, 165, 67, '2022/05/21 12:26:59', '2022/05/21 13:26:59', 3, 3, 0.0),
	(14303, 165, 58, '2022/05/22 10:26:59', '2022/05/22 11:26:59', 5, 4, 1.4),
	(14304, 165, 25, '2022/05/23 12:26:59', '2022/05/23 13:26:59', 3, 6, 2.3),
	(14305, 165, 64, '2022/05/24 12:26:59', '2022/05/24 13:26:59', 5, 4, 1.4),
	(14306, 165, 67, '2022/05/25 11:26:59', '2022/05/25 12:26:59', 3, 2, 0.6),
	(14307, 165, 42, '2022/05/26 12:26:59', '2022/05/26 13:26:59', 3, 5, 1.7),
	(14308, 165, 42, '2022/05/27 12:26:59', '2022/05/27 13:26:59', 5, 6, 1.3),
	(14309, 165, 73, '2022/05/28 11:26:59', '2022/05/28 12:26:59', 2, 3, 0.6),
	(14310, 165, 127, '2022/05/29 13:26:59', '2022/05/29 14:26:59', 5, 3, 1.7),
	(14311, 165, 18, '2022/05/30 15:26:59', '2022/05/30 16:26:59', 3, 6, 2.3),
	(14312, 165, 127, '2022/05/31 15:26:59', '2022/05/31 16:26:59', 3, 1, 1.1),
	(14313, 165, 88, '2022/06/01 13:26:59', '2022/06/01 14:26:59', 3, 2, 0.6),
	(14314, 165, 188, '2022/06/02 14:26:59', '2022/06/02 15:26:59', 2, 3, 0.6),
	(14315, 165, 21, '2022/06/03 14:26:59', '2022/06/03 15:26:59', 3, 2, 0.6),
	(14316, 165, 184, '2022/06/04 12:26:59', '2022/06/04 13:26:59', 4, 1, 2.1),
	(14317, 165, 158, '2022/06/05 13:26:59', '2022/06/05 14:26:59', 5, 3, 1.7),
	(14318, 166, 176, '2021/09/07 17:34:04', '2021/09/07 18:34:04', 2, 1, 0.7),
	(14319, 166, 61, '2021/09/08 18:34:04', '2021/09/08 19:34:04', 1, 4, 2.1),
	(14320, 166, 179, '2021/09/09 15:34:04', '2021/09/09 16:34:04', 4, 3, 1.6),
	(14321, 166, 90, '2021/09/10 15:34:04', '2021/09/10 16:34:04', 5, 5, 0.0),
	(14322, 166, 51, '2021/09/11 15:34:04', '2021/09/11 16:34:04', 4, 3, 1.6),
	(14323, 166, 143, '2021/09/12 13:34:04', '2021/09/12 14:34:04', 5, 5, 0.0),
	(14324, 166, 179, '2021/09/13 15:34:04', '2021/09/13 16:34:04', 3, 6, 2.3),
	(14325, 166, 188, '2021/09/14 14:34:04', '2021/09/14 15:34:04', 3, 4, 1.6),
	(14326, 166, 175, '2021/09/15 11:34:04', '2021/09/15 12:34:04', 5, 4, 1.4),
	(14327, 166, 73, '2021/09/16 13:34:04', '2021/09/16 14:34:04', 3, 5, 1.7),
	(14328, 166, 59, '2021/09/17 15:34:04', '2021/09/17 16:34:04', 1, 1, 0.0),
	(14329, 166, 178, '2021/09/18 12:34:04', '2021/09/18 13:34:04', 3, 2, 0.6),
	(14330, 166, 178, '2021/09/19 11:34:04', '2021/09/19 12:34:04', 2, 5, 1.2),
	(14331, 166, 2, '2021/09/20 12:34:04', '2021/09/20 13:34:04', 2, 2, 0.0),
	(14332, 166, 90, '2021/09/21 14:34:04', '2021/09/21 15:34:04', 5, 1, 1.4),
	(14333, 166, 178, '2021/09/22 11:34:04', '2021/09/22 12:34:04', 5, 4, 1.4),
	(14334, 166, 170, '2021/09/23 09:34:04', '2021/09/23 10:34:04', 4, 2, 1.5),
	(14335, 166, 157, '2021/09/24 07:34:04', '2021/09/24 08:34:04', 4, 4, 0.0),
	(14336, 166, 125, '2021/09/25 09:34:04', '2021/09/25 10:34:04', 3, 3, 0.0),
	(14337, 166, 183, '2021/09/26 10:34:04', '2021/09/26 11:34:04', 6, 3, 2.3),
	(14338, 166, 140, '2021/09/27 09:34:04', '2021/09/27 10:34:04', 4, 6, 2.6),
	(14339, 166, 30, '2021/09/28 09:34:04', '2021/09/28 10:34:04', 2, 4, 1.5),
	(14340, 166, 153, '2021/09/29 10:34:04', '2021/09/29 11:34:04', 1, 6, 1.3),
	(14341, 166, 173, '2021/09/30 08:34:04', '2021/09/30 09:34:04', 3, 6, 2.3),
	(14342, 166, 45, '2021/10/01 07:34:04', '2021/10/01 08:34:04', 2, 2, 0.0),
	(14343, 167, 136, '2022/04/13 22:06:14', '2022/04/13 23:06:14', 1, 3, 1.1),
	(14344, 167, 192, '2022/04/14 19:06:14', '2022/04/14 20:06:14', 3, 1, 1.1),
	(14345, 167, 22, '2022/04/15 16:06:14', '2022/04/15 17:06:14', 1, 6, 1.3),
	(14346, 167, 128, '2022/04/16 17:06:14', '2022/04/16 18:06:14', 4, 1, 2.1),
	(14347, 167, 168, '2022/04/17 15:06:14', '2022/04/17 16:06:14', 1, 5, 1.4),
	(14348, 167, 13, '2022/04/18 13:06:14', '2022/04/18 14:06:14', 4, 5, 1.4),
	(14349, 167, 10, '2022/04/19 14:06:14', '2022/04/19 15:06:14', 5, 4, 1.4),
	(14350, 167, 22, '2022/04/20 16:06:14', '2022/04/20 17:06:14', 6, 4, 2.6),
	(14351, 167, 18, '2022/04/21 16:06:14', '2022/04/21 17:06:14', 6, 4, 2.6),
	(14352, 167, 101, '2022/04/22 15:06:14', '2022/04/22 16:06:14', 5, 2, 1.2),
	(14353, 167, 152, '2022/04/23 17:06:14', '2022/04/23 18:06:14', 2, 2, 0.0),
	(14354, 167, 31, '2022/04/24 16:06:14', '2022/04/24 17:06:14', 1, 6, 1.3),
	(14355, 167, 68, '2022/04/25 14:06:14', '2022/04/25 15:06:14', 6, 6, 0.0),
	(14356, 167, 180, '2022/04/26 12:06:14', '2022/04/26 13:06:14', 4, 6, 2.6),
	(14357, 167, 58, '2022/04/27 11:06:14', '2022/04/27 12:06:14', 4, 1, 2.1),
	(14358, 167, 151, '2022/04/28 12:06:14', '2022/04/28 13:06:14', 6, 6, 0.0),
	(14359, 167, 57, '2022/04/29 11:06:14', '2022/04/29 12:06:14', 2, 1, 0.7),
	(14360, 167, 70, '2022/04/30 12:06:14', '2022/04/30 13:06:14', 2, 4, 1.5),
	(14361, 167, 43, '2022/05/01 12:06:14', '2022/05/01 13:06:14', 1, 6, 1.3),
	(14362, 167, 113, '2022/05/02 13:06:14', '2022/05/02 14:06:14', 1, 5, 1.4),
	(14363, 167, 16, '2022/05/03 15:06:14', '2022/05/03 16:06:14', 4, 5, 1.4),
	(14364, 167, 158, '2022/05/04 15:06:14', '2022/05/04 16:06:14', 3, 4, 1.6),
	(14365, 167, 147, '2022/05/05 14:06:14', '2022/05/05 15:06:14', 2, 5, 1.2),
	(14366, 167, 104, '2022/05/06 11:06:14', '2022/05/06 12:06:14', 2, 4, 1.5),
	(14367, 167, 192, '2022/05/07 08:06:14', '2022/05/07 09:06:14', 1, 5, 1.4),
	(14368, 168, 127, '2021/11/06 03:25:10', '2021/11/06 04:25:10', 1, 4, 2.1),
	(14369, 168, 139, '2021/11/07 01:25:10', '2021/11/07 02:25:10', 2, 3, 0.6),
	(14370, 168, 127, '2021/11/08 00:25:10', '2021/11/08 01:25:10', 4, 3, 1.6),
	(14371, 168, 2, '2021/11/08 21:25:10', '2021/11/08 22:25:10', 2, 6, 1.7),
	(14372, 168, 3, '2021/11/09 18:25:10', '2021/11/09 19:25:10', 2, 1, 0.7),
	(14373, 168, 114, '2021/11/10 18:25:10', '2021/11/10 19:25:10', 1, 1, 0.0),
	(14374, 168, 16, '2021/11/11 20:25:10', '2021/11/11 21:25:10', 5, 4, 1.4),
	(14375, 168, 62, '2021/11/12 19:25:10', '2021/11/12 20:25:10', 2, 6, 1.7),
	(14376, 168, 25, '2021/11/13 16:25:10', '2021/11/13 17:25:10', 6, 3, 2.3),
	(14377, 168, 87, '2021/11/14 13:25:10', '2021/11/14 14:25:10', 1, 3, 1.1),
	(14378, 168, 112, '2021/11/15 13:25:10', '2021/11/15 14:25:10', 6, 5, 1.3),
	(14379, 168, 110, '2021/11/16 14:25:10', '2021/11/16 15:25:10', 6, 5, 1.3),
	(14380, 168, 145, '2021/11/17 11:25:10', '2021/11/17 12:25:10', 1, 1, 0.0),
	(14381, 168, 126, '2021/11/18 09:25:10', '2021/11/18 10:25:10', 2, 2, 0.0),
	(14382, 168, 126, '2021/11/19 11:25:10', '2021/11/19 12:25:10', 2, 1, 0.7),
	(14383, 168, 29, '2021/11/20 12:25:10', '2021/11/20 13:25:10', 1, 5, 1.4),
	(14384, 168, 19, '2021/11/21 13:25:10', '2021/11/21 14:25:10', 2, 4, 1.5),
	(14385, 168, 18, '2021/11/22 10:25:10', '2021/11/22 11:25:10', 4, 6, 2.6),
	(14386, 168, 39, '2021/11/23 11:25:10', '2021/11/23 12:25:10', 4, 2, 1.5),
	(14387, 168, 117, '2021/11/24 10:25:10', '2021/11/24 11:25:10', 4, 1, 2.1),
	(14388, 168, 80, '2021/11/25 07:25:10', '2021/11/25 08:25:10', 2, 2, 0.0),
	(14389, 168, 72, '2021/11/26 05:25:10', '2021/11/26 06:25:10', 2, 3, 0.6),
	(14390, 168, 145, '2021/11/27 06:25:10', '2021/11/27 07:25:10', 1, 5, 1.4),
	(14391, 168, 124, '2021/11/28 07:25:10', '2021/11/28 08:25:10', 4, 2, 1.5),
	(14392, 168, 127, '2021/11/29 09:25:10', '2021/11/29 10:25:10', 3, 6, 2.3),
	(14393, 169, 23, '2021/10/16 14:51:00', '2021/10/16 15:51:00', 6, 1, 1.3),
	(14394, 169, 81, '2021/10/17 14:51:00', '2021/10/17 15:51:00', 6, 6, 0.0),
	(14395, 169, 139, '2021/10/18 12:51:00', '2021/10/18 13:51:00', 3, 2, 0.6),
	(14396, 169, 25, '2021/10/19 12:51:00', '2021/10/19 13:51:00', 3, 6, 2.3),
	(14397, 169, 57, '2021/10/20 13:51:00', '2021/10/20 14:51:00', 1, 2, 0.7),
	(14398, 169, 106, '2021/10/21 12:51:00', '2021/10/21 13:51:00', 1, 5, 1.4),
	(14399, 169, 188, '2021/10/22 09:51:00', '2021/10/22 10:51:00', 4, 1, 2.1),
	(14400, 169, 38, '2021/10/23 09:51:00', '2021/10/23 10:51:00', 4, 4, 0.0),
	(14401, 169, 37, '2021/10/24 11:51:00', '2021/10/24 12:51:00', 2, 1, 0.7),
	(14402, 169, 135, '2021/10/25 13:51:00', '2021/10/25 14:51:00', 2, 3, 0.6),
	(14403, 169, 40, '2021/10/26 10:51:00', '2021/10/26 11:51:00', 4, 4, 0.0),
	(14404, 169, 36, '2021/10/27 10:51:00', '2021/10/27 11:51:00', 2, 2, 0.0),
	(14405, 169, 167, '2021/10/28 12:51:00', '2021/10/28 13:51:00', 4, 4, 0.0),
	(14406, 169, 136, '2021/10/29 10:51:00', '2021/10/29 11:51:00', 3, 3, 0.0),
	(14407, 169, 14, '2021/10/30 11:51:00', '2021/10/30 12:51:00', 2, 5, 1.2),
	(14408, 169, 47, '2021/10/31 10:51:00', '2021/10/31 11:51:00', 2, 6, 1.7),
	(14409, 169, 119, '2021/11/01 08:51:00', '2021/11/01 09:51:00', 2, 1, 0.7),
	(14410, 169, 78, '2021/11/02 05:51:00', '2021/11/02 06:51:00', 4, 5, 1.4),
	(14411, 169, 147, '2021/11/03 03:51:00', '2021/11/03 04:51:00', 5, 2, 1.2),
	(14412, 169, 104, '2021/11/04 01:51:00', '2021/11/04 02:51:00', 4, 1, 2.1),
	(14413, 169, 14, '2021/11/04 23:51:00', '2021/11/05 00:51:00', 5, 6, 1.3),
	(14414, 169, 72, '2021/11/05 22:51:00', '2021/11/05 23:51:00', 3, 4, 1.6),
	(14415, 169, 7, '2021/11/06 20:51:00', '2021/11/06 21:51:00', 6, 5, 1.3),
	(14416, 169, 163, '2021/11/07 19:51:00', '2021/11/07 20:51:00', 2, 2, 0.0),
	(14417, 169, 46, '2021/11/08 17:51:00', '2021/11/08 18:51:00', 1, 4, 2.1),
	(14418, 170, 143, '2022/05/02 17:20:53', '2022/05/02 18:20:53', 5, 1, 1.4),
	(14419, 170, 112, '2022/05/03 16:20:53', '2022/05/03 17:20:53', 5, 1, 1.4),
	(14420, 170, 168, '2022/05/04 14:20:53', '2022/05/04 15:20:53', 5, 2, 1.2),
	(14421, 170, 136, '2022/05/05 12:20:53', '2022/05/05 13:20:53', 3, 6, 2.3),
	(14422, 170, 12, '2022/05/06 12:20:53', '2022/05/06 13:20:53', 3, 4, 1.6),
	(14423, 170, 145, '2022/05/07 13:20:53', '2022/05/07 14:20:53', 5, 3, 1.7),
	(14424, 170, 145, '2022/05/08 11:20:53', '2022/05/08 12:20:53', 3, 5, 1.7),
	(14425, 170, 77, '2022/05/09 09:20:53', '2022/05/09 10:20:53', 6, 2, 1.7),
	(14426, 170, 192, '2022/05/10 10:20:53', '2022/05/10 11:20:53', 5, 6, 1.3),
	(14427, 170, 78, '2022/05/11 10:20:53', '2022/05/11 11:20:53', 5, 3, 1.7),
	(14428, 170, 121, '2022/05/12 09:20:53', '2022/05/12 10:20:53', 4, 3, 1.6),
	(14429, 170, 8, '2022/05/13 10:20:53', '2022/05/13 11:20:53', 1, 4, 2.1),
	(14430, 170, 36, '2022/05/14 10:20:53', '2022/05/14 11:20:53', 2, 4, 1.5),
	(14431, 170, 13, '2022/05/15 07:20:53', '2022/05/15 08:20:53', 5, 4, 1.4),
	(14432, 170, 125, '2022/05/16 06:20:53', '2022/05/16 07:20:53', 3, 6, 2.3),
	(14433, 170, 45, '2022/05/17 07:20:53', '2022/05/17 08:20:53', 2, 4, 1.5),
	(14434, 170, 134, '2022/05/18 06:20:53', '2022/05/18 07:20:53', 2, 3, 0.6),
	(14435, 170, 4, '2022/05/19 08:20:53', '2022/05/19 09:20:53', 4, 1, 2.1),
	(14436, 170, 157, '2022/05/20 09:20:53', '2022/05/20 10:20:53', 4, 3, 1.6),
	(14437, 170, 101, '2022/05/21 08:20:53', '2022/05/21 09:20:53', 2, 5, 1.2),
	(14438, 170, 3, '2022/05/22 10:20:53', '2022/05/22 11:20:53', 1, 2, 0.7),
	(14439, 170, 4, '2022/05/23 08:20:53', '2022/05/23 09:20:53', 1, 6, 1.3),
	(14440, 170, 125, '2022/05/24 07:20:53', '2022/05/24 08:20:53', 6, 1, 1.3),
	(14441, 170, 190, '2022/05/25 04:20:53', '2022/05/25 05:20:53', 1, 5, 1.4),
	(14442, 170, 70, '2022/05/26 02:20:53', '2022/05/26 03:20:53', 4, 1, 2.1),
	(14443, 171, 115, '2021/06/22 23:20:47', '2021/06/23 00:20:47', 4, 4, 0.0),
	(14444, 171, 181, '2021/06/24 00:20:47', '2021/06/24 01:20:47', 4, 2, 1.5),
	(14445, 171, 12, '2021/06/24 22:20:47', '2021/06/24 23:20:47', 4, 6, 2.6),
	(14446, 171, 157, '2021/06/25 22:20:47', '2021/06/25 23:20:47', 3, 1, 1.1),
	(14447, 171, 145, '2021/06/26 19:20:47', '2021/06/26 20:20:47', 5, 3, 1.7),
	(14448, 171, 118, '2021/06/27 19:20:47', '2021/06/27 20:20:47', 6, 5, 1.3),
	(14449, 171, 155, '2021/06/28 19:20:47', '2021/06/28 20:20:47', 5, 4, 1.4),
	(14450, 171, 87, '2021/06/29 17:20:47', '2021/06/29 18:20:47', 3, 4, 1.6),
	(14451, 171, 69, '2021/06/30 18:20:47', '2021/06/30 19:20:47', 6, 1, 1.3),
	(14452, 171, 49, '2021/07/01 19:20:47', '2021/07/01 20:20:47', 6, 1, 1.3),
	(14453, 171, 168, '2021/07/02 16:20:47', '2021/07/02 17:20:47', 2, 6, 1.7),
	(14454, 171, 146, '2021/07/03 14:20:47', '2021/07/03 15:20:47', 1, 2, 0.7),
	(14455, 171, 78, '2021/07/04 16:20:47', '2021/07/04 17:20:47', 3, 6, 2.3),
	(14456, 171, 51, '2021/07/05 14:20:47', '2021/07/05 15:20:47', 3, 4, 1.6),
	(14457, 171, 121, '2021/07/06 16:20:47', '2021/07/06 17:20:47', 3, 4, 1.6),
	(14458, 171, 134, '2021/07/07 15:20:47', '2021/07/07 16:20:47', 3, 1, 1.1),
	(14459, 171, 145, '2021/07/08 17:20:47', '2021/07/08 18:20:47', 3, 4, 1.6),
	(14460, 171, 48, '2021/07/09 16:20:47', '2021/07/09 17:20:47', 4, 5, 1.4),
	(14461, 171, 109, '2021/07/10 18:20:47', '2021/07/10 19:20:47', 2, 4, 1.5),
	(14462, 171, 32, '2021/07/11 18:20:47', '2021/07/11 19:20:47', 2, 4, 1.5),
	(14463, 171, 89, '2021/07/12 18:20:47', '2021/07/12 19:20:47', 6, 4, 2.6),
	(14464, 171, 132, '2021/07/13 18:20:47', '2021/07/13 19:20:47', 5, 1, 1.4),
	(14465, 171, 190, '2021/07/14 20:20:47', '2021/07/14 21:20:47', 5, 2, 1.2),
	(14466, 171, 112, '2021/07/15 18:20:47', '2021/07/15 19:20:47', 1, 3, 1.1),
	(14467, 171, 135, '2021/07/16 20:20:47', '2021/07/16 21:20:47', 3, 6, 2.3),
	(14468, 172, 182, '2022/05/01 03:41:48', '2022/05/01 04:41:48', 5, 1, 1.4),
	(14469, 172, 54, '2022/05/02 05:41:48', '2022/05/02 06:41:48', 4, 4, 0.0),
	(14470, 172, 183, '2022/05/03 04:41:48', '2022/05/03 05:41:48', 3, 4, 1.6),
	(14471, 172, 141, '2022/05/04 06:41:48', '2022/05/04 07:41:48', 2, 1, 0.7),
	(14472, 172, 51, '2022/05/05 06:41:48', '2022/05/05 07:41:48', 4, 6, 2.6),
	(14473, 172, 5, '2022/05/06 07:41:48', '2022/05/06 08:41:48', 2, 4, 1.5),
	(14474, 172, 112, '2022/05/07 09:41:48', '2022/05/07 10:41:48', 3, 4, 1.6),
	(14475, 172, 136, '2022/05/08 07:41:48', '2022/05/08 08:41:48', 6, 1, 1.3),
	(14476, 172, 40, '2022/05/09 08:41:48', '2022/05/09 09:41:48', 4, 4, 0.0),
	(14477, 172, 101, '2022/05/10 08:41:48', '2022/05/10 09:41:48', 5, 3, 1.7),
	(14478, 172, 134, '2022/05/11 05:41:48', '2022/05/11 06:41:48', 1, 5, 1.4),
	(14479, 172, 154, '2022/05/12 06:41:48', '2022/05/12 07:41:48', 4, 4, 0.0),
	(14480, 172, 73, '2022/05/13 08:41:48', '2022/05/13 09:41:48', 5, 2, 1.2),
	(14481, 172, 109, '2022/05/14 06:41:48', '2022/05/14 07:41:48', 4, 2, 1.5),
	(14482, 172, 75, '2022/05/15 03:41:48', '2022/05/15 04:41:48', 4, 3, 1.6),
	(14483, 172, 144, '2022/05/16 02:41:48', '2022/05/16 03:41:48', 2, 4, 1.5),
	(14484, 172, 176, '2022/05/16 23:41:48', '2022/05/17 00:41:48', 1, 1, 0.0),
	(14485, 172, 113, '2022/05/17 22:41:48', '2022/05/17 23:41:48', 5, 6, 1.3),
	(14486, 172, 147, '2022/05/18 19:41:48', '2022/05/18 20:41:48', 2, 5, 1.2),
	(14487, 172, 75, '2022/05/19 18:41:48', '2022/05/19 19:41:48', 3, 3, 0.0),
	(14488, 172, 0, '2022/05/20 16:41:48', '2022/05/20 17:41:48', 2, 4, 1.5),
	(14489, 172, 29, '2022/05/21 17:41:48', '2022/05/21 18:41:48', 5, 3, 1.7),
	(14490, 172, 161, '2022/05/22 15:41:48', '2022/05/22 16:41:48', 5, 2, 1.2),
	(14491, 172, 90, '2022/05/23 12:41:48', '2022/05/23 13:41:48', 1, 2, 0.7),
	(14492, 172, 88, '2022/05/24 14:41:48', '2022/05/24 15:41:48', 2, 1, 0.7),
	(14493, 173, 112, '2022/04/03 16:50:07', '2022/04/03 17:50:07', 4, 3, 1.6),
	(14494, 173, 36, '2022/04/04 15:50:07', '2022/04/04 16:50:07', 4, 4, 0.0),
	(14495, 173, 33, '2022/04/05 12:50:07', '2022/04/05 13:50:07', 2, 1, 0.7),
	(14496, 173, 162, '2022/04/06 10:50:07', '2022/04/06 11:50:07', 4, 1, 2.1),
	(14497, 173, 164, '2022/04/07 10:50:07', '2022/04/07 11:50:07', 1, 3, 1.1),
	(14498, 173, 153, '2022/04/08 10:50:07', '2022/04/08 11:50:07', 6, 3, 2.3),
	(14499, 173, 112, '2022/04/09 07:50:07', '2022/04/09 08:50:07', 3, 5, 1.7),
	(14500, 173, 7, '2022/04/10 05:50:07', '2022/04/10 06:50:07', 5, 2, 1.2),
	(14501, 173, 112, '2022/04/11 05:50:07', '2022/04/11 06:50:07', 5, 3, 1.7),
	(14502, 173, 29, '2022/04/12 02:50:07', '2022/04/12 03:50:07', 3, 5, 1.7),
	(14503, 173, 165, '2022/04/13 01:50:07', '2022/04/13 02:50:07', 5, 1, 1.4),
	(14504, 173, 174, '2022/04/14 01:50:07', '2022/04/14 02:50:07', 5, 1, 1.4),
	(14505, 173, 132, '2022/04/15 02:50:07', '2022/04/15 03:50:07', 1, 5, 1.4),
	(14506, 173, 159, '2022/04/16 00:50:07', '2022/04/16 01:50:07', 6, 5, 1.3),
	(14507, 173, 140, '2022/04/17 01:50:07', '2022/04/17 02:50:07', 6, 4, 2.6),
	(14508, 173, 147, '2022/04/18 02:50:07', '2022/04/18 03:50:07', 5, 6, 1.3),
	(14509, 173, 63, '2022/04/19 00:50:07', '2022/04/19 01:50:07', 2, 3, 0.6),
	(14510, 173, 134, '2022/04/19 21:50:07', '2022/04/19 22:50:07', 5, 6, 1.3),
	(14511, 173, 162, '2022/04/20 18:50:07', '2022/04/20 19:50:07', 1, 2, 0.7),
	(14512, 173, 111, '2022/04/21 16:50:07', '2022/04/21 17:50:07', 4, 4, 0.0),
	(14513, 173, 33, '2022/04/22 13:50:07', '2022/04/22 14:50:07', 1, 4, 2.1),
	(14514, 173, 70, '2022/04/23 12:50:07', '2022/04/23 13:50:07', 1, 2, 0.7),
	(14515, 173, 164, '2022/04/24 09:50:07', '2022/04/24 10:50:07', 3, 1, 1.1),
	(14516, 173, 112, '2022/04/25 10:50:07', '2022/04/25 11:50:07', 3, 6, 2.3),
	(14517, 173, 181, '2022/04/26 09:50:07', '2022/04/26 10:50:07', 2, 3, 0.6),
	(14518, 174, 161, '2022/05/22 09:16:50', '2022/05/22 10:16:50', 2, 3, 0.6),
	(14519, 174, 106, '2022/05/23 09:16:50', '2022/05/23 10:16:50', 5, 1, 1.4),
	(14520, 174, 177, '2022/05/24 06:16:50', '2022/05/24 07:16:50', 4, 1, 2.1),
	(14521, 174, 15, '2022/05/25 07:16:50', '2022/05/25 08:16:50', 6, 5, 1.3),
	(14522, 174, 155, '2022/05/26 09:16:50', '2022/05/26 10:16:50', 4, 2, 1.5),
	(14523, 174, 118, '2022/05/27 11:16:50', '2022/05/27 12:16:50', 5, 2, 1.2),
	(14524, 174, 172, '2022/05/28 09:16:50', '2022/05/28 10:16:50', 6, 6, 0.0),
	(14525, 174, 32, '2022/05/29 08:16:50', '2022/05/29 09:16:50', 4, 2, 1.5),
	(14526, 174, 166, '2022/05/30 08:16:50', '2022/05/30 09:16:50', 6, 3, 2.3),
	(14527, 174, 106, '2022/05/31 09:16:50', '2022/05/31 10:16:50', 1, 1, 0.0),
	(14528, 174, 190, '2022/06/01 07:16:50', '2022/06/01 08:16:50', 2, 6, 1.7),
	(14529, 174, 119, '2022/06/02 09:16:50', '2022/06/02 10:16:50', 1, 1, 0.0),
	(14530, 174, 180, '2022/06/03 10:16:50', '2022/06/03 11:16:50', 6, 1, 1.3),
	(14531, 174, 142, '2022/06/04 07:16:50', '2022/06/04 08:16:50', 2, 1, 0.7),
	(14532, 174, 177, '2022/06/05 04:16:50', '2022/06/05 05:16:50', 1, 6, 1.3),
	(14533, 174, 39, '2022/06/06 01:16:50', '2022/06/06 02:16:50', 2, 3, 0.6),
	(14534, 174, 88, '2022/06/07 01:16:50', '2022/06/07 02:16:50', 1, 1, 0.0),
	(14535, 174, 81, '2022/06/08 01:16:50', '2022/06/08 02:16:50', 6, 2, 1.7),
	(14536, 174, 63, '2022/06/09 01:16:50', '2022/06/09 02:16:50', 3, 6, 2.3),
	(14537, 174, 137, '2022/06/10 00:16:50', '2022/06/10 01:16:50', 4, 2, 1.5),
	(14538, 174, 120, '2022/06/10 21:16:50', '2022/06/10 22:16:50', 4, 2, 1.5),
	(14539, 174, 130, '2022/06/11 21:16:50', '2022/06/11 22:16:50', 5, 4, 1.4),
	(14540, 174, 54, '2022/06/12 23:16:50', '2022/06/13 00:16:50', 4, 3, 1.6),
	(14541, 174, 82, '2022/06/13 21:16:50', '2022/06/13 22:16:50', 2, 2, 0.0),
	(14542, 174, 110, '2022/06/14 18:16:50', '2022/06/14 19:16:50', 5, 1, 1.4),
	(14543, 175, 104, '2022/01/08 04:49:53', '2022/01/08 05:49:53', 1, 3, 1.1),
	(14544, 175, 75, '2022/01/09 06:49:53', '2022/01/09 07:49:53', 3, 5, 1.7),
	(14545, 175, 150, '2022/01/10 04:49:53', '2022/01/10 05:49:53', 2, 4, 1.5),
	(14546, 175, 142, '2022/01/11 06:49:53', '2022/01/11 07:49:53', 1, 5, 1.4),
	(14547, 175, 4, '2022/01/12 05:49:53', '2022/01/12 06:49:53', 6, 5, 1.3),
	(14548, 175, 82, '2022/01/13 06:49:53', '2022/01/13 07:49:53', 2, 6, 1.7),
	(14549, 175, 32, '2022/01/14 05:49:53', '2022/01/14 06:49:53', 2, 6, 1.7),
	(14550, 175, 140, '2022/01/15 02:49:53', '2022/01/15 03:49:53', 4, 2, 1.5),
	(14551, 175, 46, '2022/01/15 23:49:53', '2022/01/16 00:49:53', 4, 1, 2.1),
	(14552, 175, 44, '2022/01/16 21:49:53', '2022/01/16 22:49:53', 4, 5, 1.4),
	(14553, 175, 104, '2022/01/17 21:49:53', '2022/01/17 22:49:53', 3, 3, 0.0),
	(14554, 175, 154, '2022/01/18 22:49:53', '2022/01/18 23:49:53', 4, 4, 0.0),
	(14555, 175, 186, '2022/01/20 00:49:53', '2022/01/20 01:49:53', 1, 2, 0.7),
	(14556, 175, 4, '2022/01/20 21:49:53', '2022/01/20 22:49:53', 5, 3, 1.7),
	(14557, 175, 71, '2022/01/21 22:49:53', '2022/01/21 23:49:53', 4, 3, 1.6),
	(14558, 175, 75, '2022/01/22 21:49:53', '2022/01/22 22:49:53', 5, 3, 1.7),
	(14559, 175, 71, '2022/01/23 21:49:53', '2022/01/23 22:49:53', 3, 1, 1.1),
	(14560, 175, 90, '2022/01/24 21:49:53', '2022/01/24 22:49:53', 2, 2, 0.0),
	(14561, 175, 159, '2022/01/25 20:49:53', '2022/01/25 21:49:53', 5, 3, 1.7),
	(14562, 175, 135, '2022/01/26 18:49:53', '2022/01/26 19:49:53', 6, 6, 0.0),
	(14563, 175, 25, '2022/01/27 17:49:53', '2022/01/27 18:49:53', 6, 4, 2.6),
	(14564, 175, 15, '2022/01/28 14:49:53', '2022/01/28 15:49:53', 5, 1, 1.4),
	(14565, 175, 3, '2022/01/29 13:49:53', '2022/01/29 14:49:53', 2, 2, 0.0),
	(14566, 175, 113, '2022/01/30 15:49:53', '2022/01/30 16:49:53', 6, 6, 0.0),
	(14567, 175, 163, '2022/01/31 16:49:53', '2022/01/31 17:49:53', 2, 3, 0.6),
	(14568, 176, 120, '2021/07/23 01:13:49', '2021/07/23 02:13:49', 2, 5, 1.2),
	(14569, 176, 90, '2021/07/24 00:13:49', '2021/07/24 01:13:49', 2, 5, 1.2),
	(14570, 176, 153, '2021/07/24 23:13:49', '2021/07/25 00:13:49', 3, 6, 2.3),
	(14571, 176, 75, '2021/07/25 20:13:49', '2021/07/25 21:13:49', 3, 2, 0.6),
	(14572, 176, 169, '2021/07/26 19:13:49', '2021/07/26 20:13:49', 2, 2, 0.0),
	(14573, 176, 142, '2021/07/27 16:13:49', '2021/07/27 17:13:49', 5, 5, 0.0),
	(14574, 176, 90, '2021/07/28 18:13:49', '2021/07/28 19:13:49', 5, 1, 1.4),
	(14575, 176, 120, '2021/07/29 16:13:49', '2021/07/29 17:13:49', 5, 3, 1.7),
	(14576, 176, 169, '2021/07/30 13:13:49', '2021/07/30 14:13:49', 2, 2, 0.0),
	(14577, 176, 117, '2021/07/31 12:13:49', '2021/07/31 13:13:49', 1, 2, 0.7),
	(14578, 176, 101, '2021/08/01 10:13:49', '2021/08/01 11:13:49', 3, 4, 1.6),
	(14579, 176, 12, '2021/08/02 08:13:49', '2021/08/02 09:13:49', 6, 2, 1.7),
	(14580, 176, 166, '2021/08/03 06:13:49', '2021/08/03 07:13:49', 3, 1, 1.1),
	(14581, 176, 143, '2021/08/04 04:13:49', '2021/08/04 05:13:49', 1, 6, 1.3),
	(14582, 176, 46, '2021/08/05 04:13:49', '2021/08/05 05:13:49', 1, 1, 0.0),
	(14583, 176, 132, '2021/08/06 03:13:49', '2021/08/06 04:13:49', 5, 5, 0.0),
	(14584, 176, 39, '2021/08/07 03:13:49', '2021/08/07 04:13:49', 3, 3, 0.0),
	(14585, 176, 39, '2021/08/08 03:13:49', '2021/08/08 04:13:49', 3, 3, 0.0),
	(14586, 176, 44, '2021/08/09 04:13:49', '2021/08/09 05:13:49', 5, 4, 1.4),
	(14587, 176, 124, '2021/08/10 01:13:49', '2021/08/10 02:13:49', 2, 4, 1.5),
	(14588, 176, 157, '2021/08/11 03:13:49', '2021/08/11 04:13:49', 1, 4, 2.1),
	(14589, 176, 68, '2021/08/12 03:13:49', '2021/08/12 04:13:49', 6, 2, 1.7),
	(14590, 176, 189, '2021/08/13 00:13:49', '2021/08/13 01:13:49', 2, 5, 1.2),
	(14591, 176, 138, '2021/08/14 02:13:49', '2021/08/14 03:13:49', 1, 5, 1.4),
	(14592, 176, 54, '2021/08/15 00:13:49', '2021/08/15 01:13:49', 3, 3, 0.0),
	(14593, 177, 186, '2022/05/29 16:56:05', '2022/05/29 17:56:05', 2, 3, 0.6),
	(14594, 177, 139, '2022/05/30 13:56:05', '2022/05/30 14:56:05', 2, 6, 1.7),
	(14595, 177, 25, '2022/05/31 15:56:05', '2022/05/31 16:56:05', 4, 4, 0.0),
	(14596, 177, 45, '2022/06/01 15:56:05', '2022/06/01 16:56:05', 4, 1, 2.1),
	(14597, 177, 60, '2022/06/02 16:56:05', '2022/06/02 17:56:05', 5, 3, 1.7),
	(14598, 177, 180, '2022/06/03 13:56:05', '2022/06/03 14:56:05', 1, 4, 2.1),
	(14599, 177, 21, '2022/06/04 13:56:05', '2022/06/04 14:56:05', 2, 5, 1.2),
	(14600, 177, 75, '2022/06/05 15:56:05', '2022/06/05 16:56:05', 2, 3, 0.6),
	(14601, 177, 73, '2022/06/06 15:56:05', '2022/06/06 16:56:05', 2, 3, 0.6),
	(14602, 177, 29, '2022/06/07 12:56:05', '2022/06/07 13:56:05', 5, 3, 1.7),
	(14603, 177, 45, '2022/06/08 09:56:05', '2022/06/08 10:56:05', 1, 1, 0.0),
	(14604, 177, 185, '2022/06/09 11:56:05', '2022/06/09 12:56:05', 6, 4, 2.6),
	(14605, 177, 41, '2022/06/10 09:56:05', '2022/06/10 10:56:05', 2, 5, 1.2),
	(14606, 177, 145, '2022/06/11 07:56:05', '2022/06/11 08:56:05', 4, 5, 1.4),
	(14607, 177, 23, '2022/06/12 04:56:05', '2022/06/12 05:56:05', 1, 1, 0.0),
	(14608, 177, 159, '2022/06/13 02:56:05', '2022/06/13 03:56:05', 3, 1, 1.1),
	(14609, 177, 41, '2022/06/14 00:56:05', '2022/06/14 01:56:05', 5, 4, 1.4),
	(14610, 177, 7, '2022/06/14 22:56:05', '2022/06/14 23:56:05', 2, 5, 1.2),
	(14611, 177, 81, '2022/06/15 22:56:05', '2022/06/15 23:56:05', 2, 1, 0.7),
	(14612, 177, 82, '2022/06/16 20:56:05', '2022/06/16 21:56:05', 6, 1, 1.3),
	(14613, 177, 84, '2022/06/17 21:56:05', '2022/06/17 22:56:05', 2, 3, 0.6),
	(14614, 177, 84, '2022/06/18 18:56:05', '2022/06/18 19:56:05', 3, 4, 1.6),
	(14615, 177, 171, '2022/06/19 17:56:05', '2022/06/19 18:56:05', 6, 5, 1.3),
	(14616, 177, 168, '2022/06/20 18:56:05', '2022/06/20 19:56:05', 6, 3, 2.3),
	(14617, 177, 74, '2022/06/21 17:56:05', '2022/06/21 18:56:05', 2, 2, 0.0),
	(14618, 178, 120, '2021/08/24 09:21:01', '2021/08/24 10:21:01', 3, 4, 1.6),
	(14619, 178, 67, '2021/08/25 06:21:01', '2021/08/25 07:21:01', 2, 3, 0.6),
	(14620, 178, 73, '2021/08/26 07:21:01', '2021/08/26 08:21:01', 3, 1, 1.1),
	(14621, 178, 104, '2021/08/27 04:21:01', '2021/08/27 05:21:01', 3, 2, 0.6),
	(14622, 178, 112, '2021/08/28 06:21:01', '2021/08/28 07:21:01', 6, 1, 1.3),
	(14623, 178, 137, '2021/08/29 07:21:01', '2021/08/29 08:21:01', 2, 3, 0.6),
	(14624, 178, 16, '2021/08/30 05:21:01', '2021/08/30 06:21:01', 4, 2, 1.5),
	(14625, 178, 67, '2021/08/31 07:21:01', '2021/08/31 08:21:01', 3, 5, 1.7),
	(14626, 178, 163, '2021/09/01 05:21:01', '2021/09/01 06:21:01', 3, 4, 1.6),
	(14627, 178, 187, '2021/09/02 03:21:01', '2021/09/02 04:21:01', 6, 6, 0.0),
	(14628, 178, 76, '2021/09/03 04:21:01', '2021/09/03 05:21:01', 6, 3, 2.3),
	(14629, 178, 38, '2021/09/04 01:21:01', '2021/09/04 02:21:01', 4, 6, 2.6),
	(14630, 178, 33, '2021/09/05 00:21:01', '2021/09/05 01:21:01', 4, 3, 1.6),
	(14631, 178, 30, '2021/09/05 23:21:01', '2021/09/06 00:21:01', 4, 3, 1.6),
	(14632, 178, 76, '2021/09/06 21:21:01', '2021/09/06 22:21:01', 3, 5, 1.7),
	(14633, 178, 180, '2021/09/07 23:21:01', '2021/09/08 00:21:01', 4, 2, 1.5),
	(14634, 178, 176, '2021/09/08 21:21:01', '2021/09/08 22:21:01', 1, 3, 1.1),
	(14635, 178, 181, '2021/09/09 23:21:01', '2021/09/10 00:21:01', 3, 2, 0.6),
	(14636, 178, 171, '2021/09/10 22:21:01', '2021/09/10 23:21:01', 5, 1, 1.4),
	(14637, 178, 138, '2021/09/11 20:21:01', '2021/09/11 21:21:01', 5, 2, 1.2),
	(14638, 178, 181, '2021/09/12 19:21:01', '2021/09/12 20:21:01', 2, 6, 1.7),
	(14639, 178, 7, '2021/09/13 18:21:01', '2021/09/13 19:21:01', 5, 6, 1.3),
	(14640, 178, 167, '2021/09/14 16:21:01', '2021/09/14 17:21:01', 4, 4, 0.0),
	(14641, 178, 78, '2021/09/15 14:21:01', '2021/09/15 15:21:01', 6, 2, 1.7),
	(14642, 178, 17, '2021/09/16 12:21:01', '2021/09/16 13:21:01', 6, 1, 1.3),
	(14643, 179, 70, '2021/09/16 16:37:20', '2021/09/16 17:37:20', 2, 4, 1.5),
	(14644, 179, 33, '2021/09/17 17:37:20', '2021/09/17 18:37:20', 3, 3, 0.0),
	(14645, 179, 176, '2021/09/18 19:37:20', '2021/09/18 20:37:20', 3, 3, 0.0),
	(14646, 179, 31, '2021/09/19 21:37:20', '2021/09/19 22:37:20', 6, 4, 2.6),
	(14647, 179, 104, '2021/09/20 18:37:20', '2021/09/20 19:37:20', 2, 3, 0.6),
	(14648, 179, 117, '2021/09/21 16:37:20', '2021/09/21 17:37:20', 2, 6, 1.7),
	(14649, 179, 192, '2021/09/22 16:37:20', '2021/09/22 17:37:20', 6, 5, 1.3),
	(14650, 179, 5, '2021/09/23 17:37:20', '2021/09/23 18:37:20', 4, 6, 2.6),
	(14651, 179, 133, '2021/09/24 15:37:20', '2021/09/24 16:37:20', 6, 3, 2.3),
	(14652, 179, 163, '2021/09/25 15:37:20', '2021/09/25 16:37:20', 4, 6, 2.6),
	(14653, 179, 146, '2021/09/26 16:37:20', '2021/09/26 17:37:20', 2, 3, 0.6),
	(14654, 179, 192, '2021/09/27 15:37:20', '2021/09/27 16:37:20', 5, 4, 1.4),
	(14655, 179, 184, '2021/09/28 15:37:20', '2021/09/28 16:37:20', 1, 5, 1.4),
	(14656, 179, 185, '2021/09/29 16:37:20', '2021/09/29 17:37:20', 4, 3, 1.6),
	(14657, 179, 131, '2021/09/30 15:37:20', '2021/09/30 16:37:20', 2, 6, 1.7),
	(14658, 179, 21, '2021/10/01 14:37:20', '2021/10/01 15:37:20', 5, 5, 0.0),
	(14659, 179, 109, '2021/10/02 16:37:20', '2021/10/02 17:37:20', 2, 6, 1.7),
	(14660, 179, 71, '2021/10/03 18:37:20', '2021/10/03 19:37:20', 1, 5, 1.4),
	(14661, 179, 180, '2021/10/04 17:37:20', '2021/10/04 18:37:20', 2, 6, 1.7),
	(14662, 179, 138, '2021/10/05 16:37:20', '2021/10/05 17:37:20', 2, 4, 1.5),
	(14663, 179, 160, '2021/10/06 18:37:20', '2021/10/06 19:37:20', 6, 3, 2.3),
	(14664, 179, 68, '2021/10/07 19:37:20', '2021/10/07 20:37:20', 2, 2, 0.0),
	(14665, 179, 13, '2021/10/08 17:37:20', '2021/10/08 18:37:20', 4, 1, 2.1),
	(14666, 179, 71, '2021/10/09 18:37:20', '2021/10/09 19:37:20', 5, 2, 1.2),
	(14667, 179, 51, '2021/10/10 19:37:20', '2021/10/10 20:37:20', 6, 3, 2.3),
	(14668, 180, 67, '2022/02/16 14:02:15', '2022/02/16 15:02:15', 5, 3, 1.7),
	(14669, 180, 190, '2022/02/17 14:02:15', '2022/02/17 15:02:15', 6, 5, 1.3),
	(14670, 180, 145, '2022/02/18 13:02:15', '2022/02/18 14:02:15', 5, 6, 1.3),
	(14671, 180, 83, '2022/02/19 13:02:15', '2022/02/19 14:02:15', 2, 1, 0.7),
	(14672, 180, 118, '2022/02/20 10:02:15', '2022/02/20 11:02:15', 2, 4, 1.5),
	(14673, 180, 67, '2022/02/21 08:02:15', '2022/02/21 09:02:15', 3, 2, 0.6),
	(14674, 180, 19, '2022/02/22 05:02:15', '2022/02/22 06:02:15', 4, 4, 0.0),
	(14675, 180, 184, '2022/02/23 06:02:15', '2022/02/23 07:02:15', 5, 5, 0.0),
	(14676, 180, 43, '2022/02/24 06:02:15', '2022/02/24 07:02:15', 6, 6, 0.0),
	(14677, 180, 21, '2022/02/25 04:02:15', '2022/02/25 05:02:15', 5, 4, 1.4),
	(14678, 180, 54, '2022/02/26 05:02:15', '2022/02/26 06:02:15', 3, 6, 2.3),
	(14679, 180, 78, '2022/02/27 06:02:15', '2022/02/27 07:02:15', 2, 3, 0.6),
	(14680, 180, 171, '2022/02/28 03:02:15', '2022/02/28 04:02:15', 1, 3, 1.1),
	(14681, 180, 154, '2022/03/01 00:02:15', '2022/03/01 01:02:15', 4, 4, 0.0),
	(14682, 180, 101, '2022/03/01 22:02:15', '2022/03/01 23:02:15', 4, 6, 2.6),
	(14683, 180, 57, '2022/03/02 22:02:15', '2022/03/02 23:02:15', 2, 1, 0.7),
	(14684, 180, 142, '2022/03/04 00:02:15', '2022/03/04 01:02:15', 5, 4, 1.4),
	(14685, 180, 36, '2022/03/05 02:02:15', '2022/03/05 03:02:15', 4, 3, 1.6),
	(14686, 180, 157, '2022/03/06 03:02:15', '2022/03/06 04:02:15', 4, 4, 0.0),
	(14687, 180, 46, '2022/03/07 03:02:15', '2022/03/07 04:02:15', 1, 3, 1.1),
	(14688, 180, 33, '2022/03/08 04:02:15', '2022/03/08 05:02:15', 3, 6, 2.3),
	(14689, 180, 16, '2022/03/09 05:02:15', '2022/03/09 06:02:15', 2, 5, 1.2),
	(14690, 180, 76, '2022/03/10 06:02:15', '2022/03/10 07:02:15', 5, 5, 0.0),
	(14691, 180, 16, '2022/03/11 05:02:15', '2022/03/11 06:02:15', 5, 5, 0.0),
	(14692, 180, 186, '2022/03/12 03:02:15', '2022/03/12 04:02:15', 3, 5, 1.7),
	(14693, 181, 14, '2022/02/03 00:10:05', '2022/02/03 01:10:05', 6, 6, 0.0),
	(14694, 181, 166, '2022/02/03 22:10:05', '2022/02/03 23:10:05', 1, 3, 1.1),
	(14695, 181, 17, '2022/02/04 20:10:05', '2022/02/04 21:10:05', 1, 1, 0.0),
	(14696, 181, 160, '2022/02/05 20:10:05', '2022/02/05 21:10:05', 3, 4, 1.6),
	(14697, 181, 47, '2022/02/06 22:10:05', '2022/02/06 23:10:05', 6, 4, 2.6),
	(14698, 181, 152, '2022/02/07 19:10:05', '2022/02/07 20:10:05', 2, 5, 1.2),
	(14699, 181, 132, '2022/02/08 21:10:05', '2022/02/08 22:10:05', 5, 4, 1.4),
	(14700, 181, 130, '2022/02/09 18:10:05', '2022/02/09 19:10:05', 4, 1, 2.1),
	(14701, 181, 168, '2022/02/10 18:10:05', '2022/02/10 19:10:05', 3, 1, 1.1),
	(14702, 181, 153, '2022/02/11 20:10:05', '2022/02/11 21:10:05', 6, 1, 1.3),
	(14703, 181, 16, '2022/02/12 19:10:05', '2022/02/12 20:10:05', 5, 2, 1.2),
	(14704, 181, 84, '2022/02/13 21:10:05', '2022/02/13 22:10:05', 4, 3, 1.6),
	(14705, 181, 17, '2022/02/14 20:10:05', '2022/02/14 21:10:05', 1, 4, 2.1),
	(14706, 181, 158, '2022/02/15 22:10:05', '2022/02/15 23:10:05', 4, 4, 0.0),
	(14707, 181, 109, '2022/02/16 23:10:05', '2022/02/17 00:10:05', 6, 5, 1.3),
	(14708, 181, 182, '2022/02/17 23:10:05', '2022/02/18 00:10:05', 1, 1, 0.0),
	(14709, 181, 48, '2022/02/19 01:10:05', '2022/02/19 02:10:05', 5, 6, 1.3),
	(14710, 181, 14, '2022/02/20 00:10:05', '2022/02/20 01:10:05', 6, 2, 1.7),
	(14711, 181, 75, '2022/02/21 02:10:05', '2022/02/21 03:10:05', 3, 4, 1.6),
	(14712, 181, 10, '2022/02/22 03:10:05', '2022/02/22 04:10:05', 4, 2, 1.5),
	(14713, 181, 156, '2022/02/23 02:10:05', '2022/02/23 03:10:05', 2, 2, 0.0),
	(14714, 181, 186, '2022/02/24 04:10:05', '2022/02/24 05:10:05', 5, 6, 1.3),
	(14715, 181, 184, '2022/02/25 04:10:05', '2022/02/25 05:10:05', 5, 4, 1.4),
	(14716, 181, 23, '2022/02/26 04:10:05', '2022/02/26 05:10:05', 1, 6, 1.3),
	(14717, 181, 189, '2022/02/27 06:10:05', '2022/02/27 07:10:05', 5, 1, 1.4),
	(14718, 182, 76, '2021/07/28 11:44:52', '2021/07/28 12:44:52', 5, 2, 1.2),
	(14719, 182, 171, '2021/07/29 08:44:52', '2021/07/29 09:44:52', 3, 1, 1.1),
	(14720, 182, 178, '2021/07/30 10:44:52', '2021/07/30 11:44:52', 4, 2, 1.5),
	(14721, 182, 16, '2021/07/31 07:44:52', '2021/07/31 08:44:52', 2, 6, 1.7),
	(14722, 182, 38, '2021/08/01 07:44:52', '2021/08/01 08:44:52', 6, 1, 1.3),
	(14723, 182, 152, '2021/08/02 08:44:52', '2021/08/02 09:44:52', 5, 3, 1.7),
	(14724, 182, 153, '2021/08/03 05:44:52', '2021/08/03 06:44:52', 1, 3, 1.1),
	(14725, 182, 190, '2021/08/04 05:44:52', '2021/08/04 06:44:52', 5, 5, 0.0),
	(14726, 182, 190, '2021/08/05 05:44:52', '2021/08/05 06:44:52', 5, 6, 1.3),
	(14727, 182, 61, '2021/08/06 07:44:52', '2021/08/06 08:44:52', 4, 1, 2.1),
	(14728, 182, 109, '2021/08/07 09:44:52', '2021/08/07 10:44:52', 5, 2, 1.2),
	(14729, 182, 24, '2021/08/08 07:44:52', '2021/08/08 08:44:52', 6, 3, 2.3),
	(14730, 182, 114, '2021/08/09 04:44:52', '2021/08/09 05:44:52', 1, 3, 1.1),
	(14731, 182, 59, '2021/08/10 01:44:52', '2021/08/10 02:44:52', 1, 4, 2.1),
	(14732, 182, 70, '2021/08/11 00:44:52', '2021/08/11 01:44:52', 4, 1, 2.1),
	(14733, 182, 78, '2021/08/11 22:44:52', '2021/08/11 23:44:52', 3, 3, 0.0),
	(14734, 182, 110, '2021/08/13 00:44:52', '2021/08/13 01:44:52', 1, 6, 1.3),
	(14735, 182, 79, '2021/08/13 22:44:52', '2021/08/13 23:44:52', 2, 1, 0.7),
	(14736, 182, 40, '2021/08/14 21:44:52', '2021/08/14 22:44:52', 4, 4, 0.0),
	(14737, 182, 36, '2021/08/16 19:44:52', '2021/08/16 20:44:52', 3, 5, 1.7),
	(14738, 182, 12, '2021/08/17 21:44:52', '2021/08/17 22:44:52', 2, 4, 1.5),
	(14739, 182, 14, '2021/08/18 22:44:52', '2021/08/18 23:44:52', 2, 2, 0.0),
	(14740, 182, 10, '2021/08/19 22:44:52', '2021/08/19 23:44:52', 2, 3, 0.6),
	(14741, 182, 189, '2021/08/20 21:44:52', '2021/08/20 22:44:52', 1, 1, 0.0),
	(14742, 183, 125, '2021/06/09 16:12:47', '2021/06/09 17:12:47', 1, 6, 1.3),
	(14743, 183, 7, '2021/06/10 13:12:47', '2021/06/10 14:12:47', 6, 3, 2.3),
	(14744, 183, 8, '2021/06/11 10:12:47', '2021/06/11 11:12:47', 4, 3, 1.6),
	(14745, 183, 63, '2021/06/12 09:12:47', '2021/06/12 10:12:47', 6, 1, 1.3),
	(14746, 183, 77, '2021/06/13 07:12:47', '2021/06/13 08:12:47', 2, 4, 1.5),
	(14747, 183, 7, '2021/06/14 09:12:47', '2021/06/14 10:12:47', 3, 3, 0.0),
	(14748, 183, 124, '2021/06/15 10:12:47', '2021/06/15 11:12:47', 4, 3, 1.6),
	(14749, 183, 17, '2021/06/16 08:12:47', '2021/06/16 09:12:47', 4, 2, 1.5),
	(14750, 183, 119, '2021/06/17 10:12:47', '2021/06/17 11:12:47', 1, 1, 0.0),
	(14751, 183, 36, '2021/06/18 10:12:47', '2021/06/18 11:12:47', 5, 4, 1.4),
	(14752, 183, 74, '2021/06/19 12:12:47', '2021/06/19 13:12:47', 2, 2, 0.0),
	(14753, 183, 66, '2021/06/20 14:12:47', '2021/06/20 15:12:47', 6, 5, 1.3),
	(14754, 183, 72, '2021/06/21 15:12:47', '2021/06/21 16:12:47', 4, 1, 2.1),
	(14755, 183, 155, '2021/06/22 13:12:47', '2021/06/22 14:12:47', 2, 1, 0.7),
	(14756, 183, 34, '2021/06/23 15:12:47', '2021/06/23 16:12:47', 2, 1, 0.7),
	(14757, 183, 111, '2021/06/24 12:12:47', '2021/06/24 13:12:47', 4, 4, 0.0),
	(14758, 183, 171, '2021/06/25 10:12:47', '2021/06/25 11:12:47', 1, 6, 1.3),
	(14759, 183, 116, '2021/06/26 10:12:47', '2021/06/26 11:12:47', 6, 3, 2.3),
	(14760, 183, 36, '2021/06/27 10:12:47', '2021/06/27 11:12:47', 4, 5, 1.4),
	(14761, 183, 87, '2021/06/28 12:12:47', '2021/06/28 13:12:47', 4, 4, 0.0),
	(14762, 183, 123, '2021/06/29 12:12:47', '2021/06/29 13:12:47', 4, 6, 2.6),
	(14763, 183, 80, '2021/06/30 11:12:47', '2021/06/30 12:12:47', 2, 1, 0.7),
	(14764, 183, 180, '2021/07/01 10:12:47', '2021/07/01 11:12:47', 6, 6, 0.0),
	(14765, 183, 156, '2021/07/02 12:12:47', '2021/07/02 13:12:47', 2, 4, 1.5),
	(14766, 183, 17, '2021/07/03 12:12:47', '2021/07/03 13:12:47', 2, 6, 1.7),
	(14767, 184, 6, '2021/09/05 23:43:07', '2021/09/06 00:43:07', 2, 6, 1.7),
	(14768, 184, 44, '2021/09/06 22:43:07', '2021/09/06 23:43:07', 4, 3, 1.6),
	(14769, 184, 169, '2021/09/08 00:43:07', '2021/09/08 01:43:07', 2, 2, 0.0),
	(14770, 184, 189, '2021/09/09 00:43:07', '2021/09/09 01:43:07', 1, 3, 1.1),
	(14771, 184, 66, '2021/09/09 22:43:07', '2021/09/09 23:43:07', 5, 1, 1.4),
	(14772, 184, 36, '2021/09/10 20:43:07', '2021/09/10 21:43:07', 5, 3, 1.7),
	(14773, 184, 119, '2021/09/12 22:43:07', '2021/09/12 23:43:07', 1, 5, 1.4),
	(14774, 184, 14, '2021/09/14 00:43:07', '2021/09/14 01:43:07', 2, 4, 1.5),
	(14775, 184, 3, '2021/09/14 21:43:07', '2021/09/14 22:43:07', 2, 3, 0.6),
	(14776, 184, 119, '2021/09/15 21:43:07', '2021/09/15 22:43:07', 5, 4, 1.4),
	(14777, 184, 183, '2021/09/16 19:43:07', '2021/09/16 20:43:07', 4, 5, 1.4),
	(14778, 184, 183, '2021/09/17 19:43:07', '2021/09/17 20:43:07', 5, 3, 1.7),
	(14779, 184, 153, '2021/09/18 21:43:07', '2021/09/18 22:43:07', 3, 5, 1.7),
	(14780, 184, 180, '2021/09/19 23:43:07', '2021/09/20 00:43:07', 6, 4, 2.6),
	(14781, 184, 67, '2021/09/21 01:43:07', '2021/09/21 02:43:07', 2, 5, 1.2),
	(14782, 184, 169, '2021/09/21 22:43:07', '2021/09/21 23:43:07', 2, 1, 0.7),
	(14783, 184, 153, '2021/09/22 20:43:07', '2021/09/22 21:43:07', 5, 5, 0.0),
	(14784, 184, 153, '2021/09/23 17:43:07', '2021/09/23 18:43:07', 5, 5, 0.0),
	(14785, 184, 66, '2021/09/24 18:43:07', '2021/09/24 19:43:07', 1, 1, 0.0),
	(14786, 184, 139, '2021/09/25 19:43:07', '2021/09/25 20:43:07', 6, 6, 0.0),
	(14787, 184, 181, '2021/09/26 19:43:07', '2021/09/26 20:43:07', 6, 4, 2.6),
	(14788, 184, 67, '2021/09/27 21:43:07', '2021/09/27 22:43:07', 5, 3, 1.7),
	(14789, 184, 153, '2021/09/28 20:43:07', '2021/09/28 21:43:07', 5, 6, 1.3),
	(14790, 185, 162, '2022/05/12 12:41:25', '2022/05/12 13:41:25', 2, 3, 0.6),
	(14791, 185, 179, '2022/05/13 12:41:25', '2022/05/13 13:41:25', 6, 4, 2.6),
	(14792, 185, 163, '2022/05/15 13:41:25', '2022/05/15 14:41:25', 6, 4, 2.6),
	(14793, 185, 61, '2022/05/16 12:41:25', '2022/05/16 13:41:25', 1, 1, 0.0),
	(14794, 185, 179, '2022/05/17 12:41:25', '2022/05/17 13:41:25', 4, 6, 2.6),
	(14795, 185, 3, '2022/05/18 11:41:25', '2022/05/18 12:41:25', 3, 4, 1.6),
	(14796, 185, 158, '2022/05/19 12:41:25', '2022/05/19 13:41:25', 4, 2, 1.5),
	(14797, 185, 26, '2022/05/20 09:41:25', '2022/05/20 10:41:25', 4, 5, 1.4),
	(14798, 185, 9, '2022/05/21 07:41:25', '2022/05/21 08:41:25', 6, 5, 1.3),
	(14799, 185, 184, '2022/05/22 09:41:25', '2022/05/22 10:41:25', 4, 2, 1.5),
	(14800, 185, 143, '2022/05/23 07:41:25', '2022/05/23 08:41:25', 6, 2, 1.7),
	(14801, 185, 56, '2022/05/24 06:41:25', '2022/05/24 07:41:25', 6, 4, 2.6),
	(14802, 185, 152, '2022/05/25 03:41:25', '2022/05/25 04:41:25', 3, 6, 2.3),
	(14803, 185, 53, '2022/05/26 04:41:25', '2022/05/26 05:41:25', 2, 6, 1.7),
	(14804, 185, 71, '2022/05/27 02:41:25', '2022/05/27 03:41:25', 2, 2, 0.0),
	(14805, 185, 168, '2022/05/28 00:41:25', '2022/05/28 01:41:25', 1, 2, 0.7),
	(14806, 185, 158, '2022/05/28 23:41:25', '2022/05/29 00:41:25', 2, 6, 1.7),
	(14807, 185, 68, '2022/05/30 00:41:25', '2022/05/30 01:41:25', 2, 4, 1.5),
	(14808, 185, 109, '2022/05/30 23:41:25', '2022/05/31 00:41:25', 2, 5, 1.2),
	(14809, 185, 176, '2022/06/01 00:41:25', '2022/06/01 01:41:25', 3, 4, 1.6),
	(14810, 185, 41, '2022/06/02 02:41:25', '2022/06/02 03:41:25', 4, 6, 2.6),
	(14811, 186, 24, '2022/01/17 22:05:57', '2022/01/17 23:05:57', 3, 2, 0.6),
	(14812, 186, 159, '2022/01/18 22:05:57', '2022/01/18 23:05:57', 1, 3, 1.1),
	(14813, 186, 143, '2022/01/19 22:05:57', '2022/01/19 23:05:57', 2, 3, 0.6),
	(14814, 186, 15, '2022/01/20 23:05:57', '2022/01/21 00:05:57', 1, 2, 0.7),
	(14815, 186, 44, '2022/01/22 00:05:57', '2022/01/22 01:05:57', 3, 2, 0.6),
	(14816, 186, 185, '2022/01/23 01:05:57', '2022/01/23 02:05:57', 3, 3, 0.0),
	(14817, 186, 147, '2022/01/24 01:05:57', '2022/01/24 02:05:57', 6, 3, 2.3),
	(14818, 186, 6, '2022/01/25 02:05:57', '2022/01/25 03:05:57', 6, 2, 1.7),
	(14819, 186, 109, '2022/01/26 03:05:57', '2022/01/26 04:05:57', 5, 4, 1.4),
	(14820, 186, 59, '2022/01/27 03:05:57', '2022/01/27 04:05:57', 4, 4, 0.0),
	(14821, 186, 38, '2022/01/28 00:05:57', '2022/01/28 01:05:57', 1, 3, 1.1),
	(14822, 186, 26, '2022/01/28 23:05:57', '2022/01/29 00:05:57', 5, 4, 1.4),
	(14823, 186, 185, '2022/01/29 20:05:57', '2022/01/29 21:05:57', 3, 2, 0.6),
	(14824, 186, 73, '2022/01/30 18:05:57', '2022/01/30 19:05:57', 1, 4, 2.1),
	(14825, 186, 48, '2022/01/31 16:05:57', '2022/01/31 17:05:57', 6, 2, 1.7),
	(14826, 186, 111, '2022/02/01 17:05:57', '2022/02/01 18:05:57', 4, 1, 2.1),
	(14827, 186, 189, '2022/02/02 17:05:57', '2022/02/02 18:05:57', 3, 2, 0.6),
	(14828, 186, 48, '2022/02/03 17:05:57', '2022/02/03 18:05:57', 2, 3, 0.6),
	(14829, 186, 9, '2022/02/04 14:05:57', '2022/02/04 15:05:57', 5, 3, 1.7),
	(14830, 186, 38, '2022/02/05 15:05:57', '2022/02/05 16:05:57', 3, 1, 1.1),
	(14831, 186, 189, '2022/02/06 16:05:57', '2022/02/06 17:05:57', 2, 6, 1.7),
	(14832, 186, 82, '2022/02/07 17:05:57', '2022/02/07 18:05:57', 1, 3, 1.1),
	(14833, 186, 67, '2022/02/09 18:05:57', '2022/02/09 19:05:57', 3, 3, 0.0),
	(14834, 186, 21, '2022/02/10 19:05:57', '2022/02/10 20:05:57', 4, 5, 1.4),
	(14835, 187, 21, '2022/04/12 18:56:18', '2022/04/12 19:56:18', 5, 5, 0.0),
	(14836, 187, 14, '2022/04/13 19:56:18', '2022/04/13 20:56:18', 4, 4, 0.0),
	(14837, 187, 151, '2022/04/14 16:56:18', '2022/04/14 17:56:18', 6, 5, 1.3),
	(14838, 187, 71, '2022/04/15 15:56:18', '2022/04/15 16:56:18', 2, 2, 0.0),
	(14839, 187, 21, '2022/04/16 14:56:18', '2022/04/16 15:56:18', 5, 6, 1.3),
	(14840, 187, 167, '2022/04/17 16:56:18', '2022/04/17 17:56:18', 4, 3, 1.6),
	(14841, 187, 151, '2022/04/18 15:56:18', '2022/04/18 16:56:18', 5, 6, 1.3),
	(14842, 187, 172, '2022/04/21 08:56:18', '2022/04/21 09:56:18', 6, 6, 0.0),
	(14843, 187, 44, '2022/04/23 11:56:18', '2022/04/23 12:56:18', 2, 3, 0.6),
	(14844, 187, 163, '2022/04/24 11:56:18', '2022/04/24 12:56:18', 4, 3, 1.6),
	(14845, 187, 49, '2022/04/25 13:56:18', '2022/04/25 14:56:18', 1, 4, 2.1),
	(14846, 187, 49, '2022/04/26 15:56:18', '2022/04/26 16:56:18', 4, 6, 2.6),
	(14847, 187, 60, '2022/04/27 17:56:18', '2022/04/27 18:56:18', 3, 6, 2.3),
	(14848, 187, 104, '2022/04/28 17:56:18', '2022/04/28 18:56:18', 3, 2, 0.6),
	(14849, 187, 48, '2022/04/29 15:56:18', '2022/04/29 16:56:18', 3, 2, 0.6),
	(14850, 187, 5, '2022/04/30 16:56:18', '2022/04/30 17:56:18', 6, 1, 1.3),
	(14851, 187, 137, '2022/05/01 13:56:18', '2022/05/01 14:56:18', 3, 5, 1.7),
	(14852, 187, 82, '2022/05/02 10:56:18', '2022/05/02 11:56:18', 3, 1, 1.1),
	(14853, 187, 56, '2022/05/03 07:56:18', '2022/05/03 08:56:18', 4, 3, 1.6),
	(14854, 187, 137, '2022/05/04 04:56:18', '2022/05/04 05:56:18', 5, 1, 1.4),
	(14855, 187, 140, '2022/05/06 01:56:18', '2022/05/06 02:56:18', 2, 3, 0.6),
	(14856, 188, 66, '2021/11/01 04:16:08', '2021/11/01 05:16:08', 1, 6, 1.3),
	(14857, 188, 168, '2021/11/03 08:16:08', '2021/11/03 09:16:08', 2, 5, 1.2),
	(14858, 188, 24, '2021/11/04 10:16:08', '2021/11/04 11:16:08', 2, 5, 1.2),
	(14859, 188, 155, '2021/11/05 11:16:08', '2021/11/05 12:16:08', 1, 1, 0.0),
	(14860, 188, 168, '2021/11/06 10:16:08', '2021/11/06 11:16:08', 5, 2, 1.2),
	(14861, 188, 53, '2021/11/07 09:16:08', '2021/11/07 10:16:08', 6, 4, 2.6),
	(14862, 188, 181, '2021/11/08 09:16:08', '2021/11/08 10:16:08', 4, 6, 2.6),
	(14863, 188, 44, '2021/11/09 10:16:08', '2021/11/09 11:16:08', 3, 4, 1.6),
	(14864, 188, 62, '2021/11/10 11:16:08', '2021/11/10 12:16:08', 6, 3, 2.3),
	(14865, 188, 154, '2021/11/11 10:16:08', '2021/11/11 11:16:08', 4, 3, 1.6),
	(14866, 188, 168, '2021/11/12 10:16:08', '2021/11/12 11:16:08', 2, 6, 1.7),
	(14867, 188, 175, '2021/11/13 11:16:08', '2021/11/13 12:16:08', 4, 4, 0.0),
	(14868, 188, 24, '2021/11/14 09:16:08', '2021/11/14 10:16:08', 5, 2, 1.2),
	(14869, 188, 182, '2021/11/15 07:16:08', '2021/11/15 08:16:08', 1, 2, 0.7),
	(14870, 188, 130, '2021/11/16 04:16:08', '2021/11/16 05:16:08', 1, 5, 1.4),
	(14871, 188, 29, '2021/11/17 05:16:08', '2021/11/17 06:16:08', 3, 4, 1.6),
	(14872, 188, 5, '2021/11/18 02:16:08', '2021/11/18 03:16:08', 1, 3, 1.1),
	(14873, 188, 185, '2021/11/19 01:16:08', '2021/11/19 02:16:08', 2, 1, 0.7),
	(14874, 188, 152, '2021/11/19 22:16:08', '2021/11/19 23:16:08', 6, 3, 2.3),
	(14875, 188, 130, '2021/11/20 23:16:08', '2021/11/21 00:16:08', 5, 5, 0.0),
	(14876, 188, 81, '2021/11/22 00:16:08', '2021/11/22 01:16:08', 1, 4, 2.1),
	(14877, 188, 130, '2021/11/22 22:16:08', '2021/11/22 23:16:08', 5, 4, 1.4),
	(14878, 188, 157, '2021/11/23 23:16:08', '2021/11/24 00:16:08', 4, 6, 2.6),
	(14879, 188, 182, '2021/11/25 01:16:08', '2021/11/25 02:16:08', 2, 1, 0.7),
	(14880, 189, 32, '2021/08/20 10:09:26', '2021/08/20 11:09:26', 6, 5, 1.3),
	(14881, 189, 150, '2021/08/21 09:09:26', '2021/08/21 10:09:26', 4, 3, 1.6),
	(14882, 189, 32, '2021/08/22 06:09:26', '2021/08/22 07:09:26', 5, 6, 1.3),
	(14883, 189, 58, '2021/08/24 06:09:26', '2021/08/24 07:09:26', 1, 3, 1.1),
	(14884, 189, 104, '2021/08/25 04:09:26', '2021/08/25 05:09:26', 2, 4, 1.5),
	(14885, 189, 80, '2021/08/26 04:09:26', '2021/08/26 05:09:26', 1, 2, 0.7),
	(14886, 189, 182, '2021/08/27 03:09:26', '2021/08/27 04:09:26', 1, 4, 2.1),
	(14887, 189, 139, '2021/08/28 00:09:26', '2021/08/28 01:09:26', 6, 3, 2.3),
	(14888, 189, 169, '2021/08/28 23:09:26', '2021/08/29 00:09:26', 1, 6, 1.3),
	(14889, 189, 37, '2021/08/31 02:09:26', '2021/08/31 03:09:26', 1, 2, 0.7),
	(14890, 189, 65, '2021/09/01 00:09:26', '2021/09/01 01:09:26', 6, 5, 1.3),
	(14891, 189, 63, '2021/09/02 01:09:26', '2021/09/02 02:09:26', 1, 1, 0.0),
	(14892, 189, 41, '2021/09/03 01:09:26', '2021/09/03 02:09:26', 6, 6, 0.0),
	(14893, 189, 112, '2021/09/03 23:09:26', '2021/09/04 00:09:26', 1, 6, 1.3),
	(14894, 189, 108, '2021/09/05 00:09:26', '2021/09/05 01:09:26', 4, 5, 1.4),
	(14895, 189, 77, '2021/09/06 01:09:26', '2021/09/06 02:09:26', 4, 4, 0.0),
	(14896, 189, 44, '2021/09/06 22:09:26', '2021/09/06 23:09:26', 4, 1, 2.1),
	(14897, 189, 89, '2021/09/07 19:09:26', '2021/09/07 20:09:26', 4, 5, 1.4),
	(14898, 189, 80, '2021/09/08 19:09:26', '2021/09/08 20:09:26', 2, 5, 1.2),
	(14899, 189, 12, '2021/09/09 18:09:26', '2021/09/09 19:09:26', 4, 5, 1.4),
	(14900, 189, 45, '2021/09/10 16:09:26', '2021/09/10 17:09:26', 1, 3, 1.1),
	(14901, 189, 80, '2021/09/11 15:09:26', '2021/09/11 16:09:26', 5, 1, 1.4),
	(14902, 189, 169, '2021/09/12 13:09:26', '2021/09/12 14:09:26', 6, 3, 2.3),
	(14903, 190, 19, '2021/06/02 13:43:53', '2021/06/02 14:43:53', 4, 6, 2.6),
	(14904, 190, 42, '2021/06/03 11:43:53', '2021/06/03 12:43:53', 6, 5, 1.3),
	(14905, 190, 12, '2021/06/04 12:43:53', '2021/06/04 13:43:53', 5, 5, 0.0),
	(14906, 190, 9, '2021/06/05 11:43:53', '2021/06/05 12:43:53', 3, 3, 0.0),
	(14907, 190, 9, '2021/06/06 08:43:53', '2021/06/06 09:43:53', 3, 2, 0.6),
	(14908, 190, 169, '2021/06/07 06:43:53', '2021/06/07 07:43:53', 3, 5, 1.7),
	(14909, 190, 140, '2021/06/08 05:43:53', '2021/06/08 06:43:53', 3, 2, 0.6),
	(14910, 190, 72, '2021/06/09 07:43:53', '2021/06/09 08:43:53', 1, 1, 0.0),
	(14911, 190, 52, '2021/06/10 09:43:53', '2021/06/10 10:43:53', 6, 5, 1.3),
	(14912, 190, 177, '2021/06/11 11:43:53', '2021/06/11 12:43:53', 6, 2, 1.7),
	(14913, 190, 154, '2021/06/12 08:43:53', '2021/06/12 09:43:53', 3, 2, 0.6),
	(14914, 190, 32, '2021/06/13 05:43:53', '2021/06/13 06:43:53', 6, 2, 1.7),
	(14915, 190, 122, '2021/06/14 03:43:53', '2021/06/14 04:43:53', 4, 2, 1.5),
	(14916, 190, 27, '2021/06/15 00:43:53', '2021/06/15 01:43:53', 6, 4, 2.6),
	(14917, 190, 0, '2021/06/16 01:43:53', '2021/06/16 02:43:53', 4, 5, 1.4),
	(14918, 190, 79, '2021/06/16 22:43:53', '2021/06/16 23:43:53', 1, 6, 1.3),
	(14919, 190, 87, '2021/06/17 21:43:53', '2021/06/17 22:43:53', 4, 3, 1.6),
	(14920, 190, 165, '2021/06/18 18:43:53', '2021/06/18 19:43:53', 1, 1, 0.0),
	(14921, 190, 147, '2021/06/19 15:43:53', '2021/06/19 16:43:53', 3, 6, 2.3),
	(14922, 190, 0, '2021/06/20 15:43:53', '2021/06/20 16:43:53', 5, 1, 1.4),
	(14923, 190, 108, '2021/06/21 14:43:53', '2021/06/21 15:43:53', 5, 2, 1.2),
	(14924, 190, 163, '2021/06/22 14:43:53', '2021/06/22 15:43:53', 3, 2, 0.6),
	(14925, 190, 185, '2021/06/23 13:43:53', '2021/06/23 14:43:53', 1, 1, 0.0),
	(14926, 190, 44, '2021/06/24 14:43:53', '2021/06/24 15:43:53', 1, 6, 1.3),
	(14927, 190, 9, '2021/06/25 16:43:53', '2021/06/25 17:43:53', 2, 1, 0.7),
	(14928, 191, 128, '2021/12/13 05:39:38', '2021/12/13 06:39:38', 1, 2, 0.7),
	(14929, 191, 169, '2021/12/14 03:39:38', '2021/12/14 04:39:38', 5, 1, 1.4),
	(14930, 191, 89, '2021/12/15 03:39:38', '2021/12/15 04:39:38', 5, 3, 1.7),
	(14931, 191, 106, '2021/12/16 05:39:38', '2021/12/16 06:39:38', 1, 6, 1.3),
	(14932, 191, 76, '2021/12/17 07:39:38', '2021/12/17 08:39:38', 2, 5, 1.2),
	(14933, 191, 76, '2021/12/18 06:39:38', '2021/12/18 07:39:38', 5, 1, 1.4),
	(14934, 191, 182, '2021/12/19 07:39:38', '2021/12/19 08:39:38', 4, 4, 0.0),
	(14935, 191, 42, '2021/12/20 08:39:38', '2021/12/20 09:39:38', 5, 4, 1.4),
	(14936, 191, 128, '2021/12/21 08:39:38', '2021/12/21 09:39:38', 2, 3, 0.6),
	(14937, 191, 111, '2021/12/22 10:39:38', '2021/12/22 11:39:38', 1, 3, 1.1),
	(14938, 191, 65, '2021/12/23 08:39:38', '2021/12/23 09:39:38', 5, 5, 0.0),
	(14939, 191, 72, '2021/12/24 10:39:38', '2021/12/24 11:39:38', 1, 1, 0.0),
	(14940, 191, 52, '2021/12/25 12:39:38', '2021/12/25 13:39:38', 5, 3, 1.7),
	(14941, 191, 10, '2021/12/26 11:39:38', '2021/12/26 12:39:38', 3, 2, 0.6),
	(14942, 191, 65, '2021/12/27 12:39:38', '2021/12/27 13:39:38', 5, 2, 1.2),
	(14943, 191, 12, '2021/12/28 12:39:38', '2021/12/28 13:39:38', 5, 4, 1.4),
	(14944, 191, 178, '2021/12/30 10:39:38', '2021/12/30 11:39:38', 2, 1, 0.7),
	(14945, 191, 73, '2021/12/31 12:39:38', '2021/12/31 13:39:38', 4, 2, 1.5),
	(14946, 191, 125, '2022/01/01 14:39:38', '2022/01/01 15:39:38', 6, 6, 0.0),
	(14947, 191, 10, '2022/01/02 11:39:38', '2022/01/02 12:39:38', 2, 4, 1.5),
	(14948, 191, 58, '2022/01/04 08:39:38', '2022/01/04 09:39:38', 3, 1, 1.1),
	(14949, 191, 31, '2022/01/05 09:39:38', '2022/01/05 10:39:38', 4, 3, 1.6),
	(14950, 191, 83, '2022/01/06 10:39:38', '2022/01/06 11:39:38', 1, 3, 1.1),
	(14951, 192, 174, '2021/06/30 14:07:36', '2021/06/30 15:07:36', 1, 2, 0.7),
	(14952, 192, 8, '2021/07/01 15:07:36', '2021/07/01 16:07:36', 3, 3, 0.0),
	(14953, 192, 113, '2021/07/02 12:07:36', '2021/07/02 13:07:36', 6, 3, 2.3),
	(14954, 192, 28, '2021/07/03 10:07:36', '2021/07/03 11:07:36', 4, 4, 0.0),
	(14955, 192, 4, '2021/07/04 12:07:36', '2021/07/04 13:07:36', 3, 2, 0.6),
	(14956, 192, 57, '2021/07/05 12:07:36', '2021/07/05 13:07:36', 1, 2, 0.7),
	(14957, 192, 35, '2021/07/06 09:07:36', '2021/07/06 10:07:36', 1, 1, 0.0),
	(14958, 192, 188, '2021/07/07 10:07:36', '2021/07/07 11:07:36', 1, 1, 0.0),
	(14959, 192, 26, '2021/07/08 09:07:36', '2021/07/08 10:07:36', 4, 1, 2.1),
	(14960, 192, 192, '2021/07/09 11:07:36', '2021/07/09 12:07:36', 4, 5, 1.4),
	(14961, 192, 132, '2021/07/10 09:07:36', '2021/07/10 10:07:36', 4, 5, 1.4),
	(14962, 192, 126, '2021/07/11 11:07:36', '2021/07/11 12:07:36', 1, 6, 1.3),
	(14963, 192, 36, '2021/07/12 12:07:36', '2021/07/12 13:07:36', 3, 3, 0.0),
	(14964, 192, 32, '2021/07/13 09:07:36', '2021/07/13 10:07:36', 2, 4, 1.5),
	(14965, 192, 132, '2021/07/14 06:07:36', '2021/07/14 07:07:36', 5, 6, 1.3),
	(14966, 192, 72, '2021/07/15 03:07:36', '2021/07/15 04:07:36', 1, 5, 1.4),
	(14967, 192, 79, '2021/07/16 02:07:36', '2021/07/16 03:07:36', 6, 5, 1.3),
	(14968, 192, 74, '2021/07/16 23:07:36', '2021/07/17 00:07:36', 2, 6, 1.7),
	(14969, 192, 111, '2021/07/17 23:07:36', '2021/07/18 00:07:36', 3, 3, 0.0),
	(14970, 192, 76, '2021/07/18 20:07:36', '2021/07/18 21:07:36', 1, 2, 0.7),
	(14971, 192, 26, '2021/07/19 21:07:36', '2021/07/19 22:07:36', 1, 3, 1.1),
	(14972, 192, 112, '2021/07/20 18:07:36', '2021/07/20 19:07:36', 6, 3, 2.3),
	(14973, 192, 64, '2021/07/21 15:07:36', '2021/07/21 16:07:36', 4, 6, 2.6),
	(14974, 192, 140, '2021/07/22 16:07:36', '2021/07/22 17:07:36', 2, 3, 0.6),
	(14975, 192, 167, '2021/07/23 13:07:36', '2021/07/23 14:07:36', 3, 4, 1.6),
	(14976, 193, 56, '2021/07/26 20:13:19', '2021/07/26 21:13:19', 3, 4, 1.6),
	(14977, 193, 159, '2021/07/27 19:13:19', '2021/07/27 20:13:19', 3, 3, 0.0),
	(14978, 193, 156, '2021/07/28 19:13:19', '2021/07/28 20:13:19', 4, 4, 0.0),
	(14979, 193, 3, '2021/07/29 16:13:19', '2021/07/29 17:13:19', 4, 4, 0.0),
	(14980, 193, 8, '2021/07/30 16:13:19', '2021/07/30 17:13:19', 3, 4, 1.6),
	(14981, 193, 73, '2021/07/31 15:13:19', '2021/07/31 16:13:19', 2, 4, 1.5),
	(14982, 193, 108, '2021/08/01 16:13:19', '2021/08/01 17:13:19', 2, 4, 1.5),
	(14983, 193, 136, '2021/08/02 14:13:19', '2021/08/02 15:13:19', 1, 5, 1.4),
	(14984, 193, 2, '2021/08/03 12:13:19', '2021/08/03 13:13:19', 6, 6, 0.0),
	(14985, 193, 25, '2021/08/04 14:13:19', '2021/08/04 15:13:19', 4, 3, 1.6),
	(14986, 193, 22, '2021/08/05 14:13:19', '2021/08/05 15:13:19', 4, 2, 1.5),
	(14987, 193, 80, '2021/08/06 16:13:19', '2021/08/06 17:13:19', 1, 4, 2.1),
	(14988, 193, 165, '2021/08/07 16:13:19', '2021/08/07 17:13:19', 1, 3, 1.1),
	(14989, 193, 139, '2021/08/08 14:13:19', '2021/08/08 15:13:19', 3, 5, 1.7),
	(14990, 193, 192, '2021/08/09 14:13:19', '2021/08/09 15:13:19', 5, 4, 1.4),
	(14991, 193, 58, '2021/08/10 15:13:19', '2021/08/10 16:13:19', 1, 4, 2.1),
	(14992, 193, 59, '2021/08/11 17:13:19', '2021/08/11 18:13:19', 4, 1, 2.1),
	(14993, 193, 76, '2021/08/12 15:13:19', '2021/08/12 16:13:19', 2, 5, 1.2),
	(14994, 193, 139, '2021/08/13 14:13:19', '2021/08/13 15:13:19', 5, 4, 1.4),
	(14995, 193, 24, '2021/08/14 12:13:19', '2021/08/14 13:13:19', 2, 2, 0.0),
	(14996, 193, 49, '2021/08/15 12:13:19', '2021/08/15 13:13:19', 6, 6, 0.0),
	(14997, 193, 165, '2021/08/16 14:13:19', '2021/08/16 15:13:19', 3, 4, 1.6),
	(14998, 193, 69, '2021/08/17 12:13:19', '2021/08/17 13:13:19', 1, 5, 1.4),
	(14999, 193, 6, '2021/08/18 13:13:19', '2021/08/18 14:13:19', 2, 2, 0.0),
	(15000, 193, 72, '2021/08/19 15:13:19', '2021/08/19 16:13:19', 5, 1, 1.4),
	(15001, 194, 174, '2021/07/27 10:12:24', '2021/07/27 11:12:24', 2, 1, 0.7),
	(15002, 194, 174, '2021/07/28 07:12:24', '2021/07/28 08:12:24', 1, 1, 0.0),
	(15003, 194, 178, '2021/07/29 05:12:24', '2021/07/29 06:12:24', 1, 1, 0.0),
	(15004, 194, 13, '2021/07/30 05:12:24', '2021/07/30 06:12:24', 1, 2, 0.7),
	(15005, 194, 44, '2021/07/31 03:12:24', '2021/07/31 04:12:24', 6, 4, 2.6),
	(15006, 194, 135, '2021/08/01 04:12:24', '2021/08/01 05:12:24', 6, 6, 0.0),
	(15007, 194, 88, '2021/08/02 03:12:24', '2021/08/02 04:12:24', 1, 4, 2.1),
	(15008, 194, 154, '2021/08/03 00:12:24', '2021/08/03 01:12:24', 2, 4, 1.5),
	(15009, 194, 57, '2021/08/04 00:12:24', '2021/08/04 01:12:24', 2, 3, 0.6),
	(15010, 194, 122, '2021/08/04 23:12:24', '2021/08/05 00:12:24', 2, 2, 0.0),
	(15011, 194, 33, '2021/08/06 00:12:24', '2021/08/06 01:12:24', 6, 3, 2.3),
	(15012, 194, 69, '2021/08/07 01:12:24', '2021/08/07 02:12:24', 5, 3, 1.7),
	(15013, 194, 137, '2021/08/07 23:12:24', '2021/08/08 00:12:24', 1, 2, 0.7),
	(15014, 194, 147, '2021/08/08 23:12:24', '2021/08/09 00:12:24', 6, 4, 2.6),
	(15015, 194, 174, '2021/08/09 22:12:24', '2021/08/09 23:12:24', 1, 6, 1.3),
	(15016, 194, 125, '2021/08/10 21:12:24', '2021/08/10 22:12:24', 6, 1, 1.3),
	(15017, 194, 123, '2021/08/11 19:12:24', '2021/08/11 20:12:24', 6, 3, 2.3),
	(15018, 194, 60, '2021/08/12 16:12:24', '2021/08/12 17:12:24', 6, 1, 1.3),
	(15019, 194, 48, '2021/08/13 14:12:24', '2021/08/13 15:12:24', 2, 1, 0.7),
	(15020, 194, 134, '2021/08/14 14:12:24', '2021/08/14 15:12:24', 6, 6, 0.0),
	(15021, 194, 170, '2021/08/15 13:12:24', '2021/08/15 14:12:24', 2, 2, 0.0),
	(15022, 194, 70, '2021/08/16 11:12:24', '2021/08/16 12:12:24', 1, 1, 0.0),
	(15023, 194, 165, '2021/08/17 11:12:24', '2021/08/17 12:12:24', 4, 5, 1.4),
	(15024, 194, 153, '2021/08/18 09:12:24', '2021/08/18 10:12:24', 6, 4, 2.6),
	(15025, 194, 65, '2021/08/19 10:12:24', '2021/08/19 11:12:24', 2, 1, 0.7),
	(15026, 195, 117, '2021/07/10 02:04:39', '2021/07/10 03:04:39', 6, 5, 1.3),
	(15027, 195, 136, '2021/07/11 01:04:39', '2021/07/11 02:04:39', 5, 2, 1.2),
	(15028, 195, 58, '2021/07/11 23:04:39', '2021/07/12 00:04:39', 4, 6, 2.6),
	(15029, 195, 140, '2021/07/13 01:04:39', '2021/07/13 02:04:39', 3, 3, 0.0),
	(15030, 195, 88, '2021/07/13 23:04:39', '2021/07/14 00:04:39', 4, 3, 1.6),
	(15031, 195, 5, '2021/07/14 22:04:39', '2021/07/14 23:04:39', 3, 1, 1.1),
	(15032, 195, 79, '2021/07/15 23:04:39', '2021/07/16 00:04:39', 5, 3, 1.7),
	(15033, 195, 76, '2021/07/16 22:04:39', '2021/07/16 23:04:39', 5, 1, 1.4),
	(15034, 195, 165, '2021/07/17 19:04:39', '2021/07/17 20:04:39', 5, 4, 1.4),
	(15035, 195, 6, '2021/07/18 20:04:39', '2021/07/18 21:04:39', 2, 3, 0.6),
	(15036, 195, 82, '2021/07/19 21:04:39', '2021/07/19 22:04:39', 1, 5, 1.4),
	(15037, 195, 82, '2021/07/20 19:04:39', '2021/07/20 20:04:39', 5, 3, 1.7),
	(15038, 195, 182, '2021/07/21 18:04:39', '2021/07/21 19:04:39', 4, 6, 2.6),
	(15039, 195, 140, '2021/07/22 16:04:39', '2021/07/22 17:04:39', 3, 5, 1.7),
	(15040, 195, 135, '2021/07/23 15:04:39', '2021/07/23 16:04:39', 6, 3, 2.3),
	(15041, 195, 164, '2021/07/24 14:04:39', '2021/07/24 15:04:39', 1, 4, 2.1),
	(15042, 195, 184, '2021/07/25 14:04:39', '2021/07/25 15:04:39', 2, 6, 1.7),
	(15043, 195, 140, '2021/07/26 16:04:39', '2021/07/26 17:04:39', 5, 2, 1.2),
	(15044, 195, 117, '2021/07/27 16:04:39', '2021/07/27 17:04:39', 5, 2, 1.2),
	(15045, 195, 186, '2021/07/28 15:04:39', '2021/07/28 16:04:39', 6, 1, 1.3),
	(15046, 195, 85, '2021/07/29 15:04:39', '2021/07/29 16:04:39', 4, 6, 2.6),
	(15047, 195, 170, '2021/07/30 13:04:39', '2021/07/30 14:04:39', 2, 6, 1.7),
	(15048, 195, 174, '2021/07/31 12:04:39', '2021/07/31 13:04:39', 6, 2, 1.7),
	(15049, 195, 161, '2021/08/01 11:04:39', '2021/08/01 12:04:39', 3, 4, 1.6),
	(15050, 195, 170, '2021/08/02 08:04:39', '2021/08/02 09:04:39', 6, 1, 1.3),
	(15051, 196, 155, '2022/03/02 03:40:39', '2022/03/02 04:40:39', 1, 3, 1.1),
	(15052, 196, 124, '2022/03/03 02:40:39', '2022/03/03 03:40:39', 3, 1, 1.1),
	(15053, 196, 35, '2022/03/05 01:40:39', '2022/03/05 02:40:39', 1, 3, 1.1),
	(15054, 196, 24, '2022/03/06 02:40:39', '2022/03/06 03:40:39', 2, 1, 0.7),
	(15055, 196, 190, '2022/03/09 01:40:39', '2022/03/09 02:40:39', 6, 6, 0.0),
	(15056, 196, 4, '2022/03/10 00:40:39', '2022/03/10 01:40:39', 2, 1, 0.7),
	(15057, 196, 37, '2022/03/10 21:40:39', '2022/03/10 22:40:39', 2, 4, 1.5),
	(15058, 196, 154, '2022/03/11 18:40:39', '2022/03/11 19:40:39', 4, 3, 1.6),
	(15059, 196, 184, '2022/03/12 18:40:39', '2022/03/12 19:40:39', 6, 6, 0.0),
	(15060, 196, 146, '2022/03/13 18:40:39', '2022/03/13 19:40:39', 3, 5, 1.7),
	(15061, 196, 69, '2022/03/14 20:40:39', '2022/03/14 21:40:39', 3, 3, 0.0),
	(15062, 196, 67, '2022/03/15 19:40:39', '2022/03/15 20:40:39', 3, 5, 1.7),
	(15063, 196, 146, '2022/03/16 18:40:39', '2022/03/16 19:40:39', 5, 2, 1.2),
	(15064, 196, 185, '2022/03/17 15:40:39', '2022/03/17 16:40:39', 1, 2, 0.7),
	(15065, 196, 122, '2022/03/18 14:40:39', '2022/03/18 15:40:39', 2, 5, 1.2),
	(15066, 196, 25, '2022/03/19 15:40:39', '2022/03/19 16:40:39', 3, 4, 1.6),
	(15067, 196, 22, '2022/03/20 13:40:39', '2022/03/20 14:40:39', 2, 2, 0.0),
	(15068, 196, 10, '2022/03/21 12:40:39', '2022/03/21 13:40:39', 4, 4, 0.0),
	(15069, 196, 121, '2022/03/22 14:40:39', '2022/03/22 15:40:39', 4, 6, 2.6),
	(15070, 196, 130, '2022/03/23 13:40:39', '2022/03/23 14:40:39', 4, 2, 1.5),
	(15071, 196, 154, '2022/03/24 15:40:39', '2022/03/24 16:40:39', 3, 1, 1.1),
	(15072, 196, 101, '2022/03/25 16:40:39', '2022/03/25 17:40:39', 6, 6, 0.0),
	(15073, 197, 74, '2021/09/16 00:32:11', '2021/09/16 01:32:11', 6, 4, 2.6),
	(15074, 197, 6, '2021/09/17 02:32:11', '2021/09/17 03:32:11', 3, 2, 0.6),
	(15075, 197, 58, '2021/09/18 02:32:11', '2021/09/18 03:32:11', 6, 1, 1.3),
	(15076, 197, 37, '2021/09/19 02:32:11', '2021/09/19 03:32:11', 4, 3, 1.6),
	(15077, 197, 67, '2021/09/20 02:32:11', '2021/09/20 03:32:11', 5, 5, 0.0),
	(15078, 197, 122, '2021/09/20 23:32:11', '2021/09/21 00:32:11', 5, 2, 1.2),
	(15079, 197, 67, '2021/09/21 21:32:11', '2021/09/21 22:32:11', 5, 3, 1.7),
	(15080, 197, 29, '2021/09/22 19:32:11', '2021/09/22 20:32:11', 4, 4, 0.0),
	(15081, 197, 74, '2021/09/23 21:32:11', '2021/09/23 22:32:11', 4, 1, 2.1),
	(15082, 197, 48, '2021/09/24 21:32:11', '2021/09/24 22:32:11', 1, 3, 1.1),
	(15083, 197, 135, '2021/09/26 21:32:11', '2021/09/26 22:32:11', 3, 1, 1.1),
	(15084, 197, 74, '2021/09/27 19:32:11', '2021/09/27 20:32:11', 1, 1, 0.0),
	(15085, 197, 74, '2021/09/29 21:32:11', '2021/09/29 22:32:11', 1, 2, 0.7),
	(15086, 197, 172, '2021/09/30 20:32:11', '2021/09/30 21:32:11', 6, 1, 1.3),
	(15087, 197, 130, '2021/10/01 22:32:11', '2021/10/01 23:32:11', 2, 2, 0.0),
	(15088, 197, 64, '2021/10/02 21:32:11', '2021/10/02 22:32:11', 6, 5, 1.3),
	(15089, 197, 64, '2021/10/03 23:32:11', '2021/10/04 00:32:11', 5, 5, 0.0),
	(15090, 197, 50, '2021/10/04 20:32:11', '2021/10/04 21:32:11', 6, 3, 2.3),
	(15091, 197, 137, '2021/10/05 17:32:11', '2021/10/05 18:32:11', 2, 6, 1.7),
	(15092, 197, 34, '2021/10/06 18:32:11', '2021/10/06 19:32:11', 1, 4, 2.1),
	(15093, 197, 33, '2021/10/07 16:32:11', '2021/10/07 17:32:11', 3, 2, 0.6),
	(15094, 197, 133, '2021/10/08 16:32:11', '2021/10/08 17:32:11', 3, 4, 1.6),
	(15095, 197, 33, '2021/10/09 13:32:11', '2021/10/09 14:32:11', 2, 5, 1.2),
	(15096, 198, 33, '2021/09/21 15:33:30', '2021/09/21 16:33:30', 5, 6, 1.3),
	(15097, 198, 129, '2021/09/22 15:33:30', '2021/09/22 16:33:30', 6, 5, 1.3),
	(15098, 198, 64, '2021/09/23 13:33:30', '2021/09/23 14:33:30', 5, 3, 1.7),
	(15099, 198, 7, '2021/09/24 11:33:30', '2021/09/24 12:33:30', 3, 2, 0.6),
	(15100, 198, 110, '2021/09/25 11:33:30', '2021/09/25 12:33:30', 6, 3, 2.3),
	(15101, 198, 7, '2021/09/26 12:33:30', '2021/09/26 13:33:30', 2, 2, 0.0),
	(15102, 198, 185, '2021/09/27 11:33:30', '2021/09/27 12:33:30', 2, 1, 0.7),
	(15103, 198, 32, '2021/09/28 09:33:30', '2021/09/28 10:33:30', 4, 4, 0.0),
	(15104, 198, 129, '2021/09/29 08:33:30', '2021/09/29 09:33:30', 5, 4, 1.4),
	(15105, 198, 109, '2021/09/30 05:33:30', '2021/09/30 06:33:30', 4, 2, 1.5),
	(15106, 198, 56, '2021/10/01 04:33:30', '2021/10/01 05:33:30', 4, 6, 2.6),
	(15107, 198, 137, '2021/10/02 02:33:30', '2021/10/02 03:33:30', 6, 4, 2.6),
	(15108, 198, 43, '2021/10/03 03:33:30', '2021/10/03 04:33:30', 6, 1, 1.3),
	(15109, 198, 73, '2021/10/04 04:33:30', '2021/10/04 05:33:30', 4, 5, 1.4),
	(15110, 198, 164, '2021/10/05 06:33:30', '2021/10/05 07:33:30', 4, 4, 0.0),
	(15111, 198, 73, '2021/10/06 08:33:30', '2021/10/06 09:33:30', 5, 4, 1.4),
	(15112, 198, 36, '2021/10/08 05:33:30', '2021/10/08 06:33:30', 3, 3, 0.0),
	(15113, 198, 178, '2021/10/09 07:33:30', '2021/10/09 08:33:30', 1, 4, 2.1),
	(15114, 198, 117, '2021/10/10 09:33:30', '2021/10/10 10:33:30', 2, 3, 0.6),
	(15115, 198, 132, '2021/10/11 08:33:30', '2021/10/11 09:33:30', 6, 2, 1.7),
	(15116, 198, 157, '2021/10/12 07:33:30', '2021/10/12 08:33:30', 6, 3, 2.3),
	(15117, 198, 115, '2021/10/15 07:33:30', '2021/10/15 08:33:30', 4, 2, 1.5),
	(15118, 199, 54, '2021/10/18 20:44:51', '2021/10/18 21:44:51', 6, 4, 2.6),
	(15119, 199, 8, '2021/10/19 19:44:51', '2021/10/19 20:44:51', 4, 5, 1.4),
	(15120, 199, 10, '2021/10/20 19:44:51', '2021/10/20 20:44:51', 4, 3, 1.6),
	(15121, 199, 150, '2021/10/21 21:44:51', '2021/10/21 22:44:51', 3, 6, 2.3),
	(15122, 199, 8, '2021/10/22 20:44:51', '2021/10/22 21:44:51', 5, 2, 1.2),
	(15123, 199, 156, '2021/10/23 21:44:51', '2021/10/23 22:44:51', 4, 5, 1.4),
	(15124, 199, 84, '2021/10/24 22:44:51', '2021/10/24 23:44:51', 3, 5, 1.7),
	(15125, 199, 156, '2021/10/25 21:44:51', '2021/10/25 22:44:51', 5, 6, 1.3),
	(15126, 199, 84, '2021/10/26 19:44:51', '2021/10/26 20:44:51', 5, 1, 1.4),
	(15127, 199, 6, '2021/10/27 16:44:51', '2021/10/27 17:44:51', 2, 3, 0.6),
	(15128, 199, 176, '2021/10/28 13:44:51', '2021/10/28 14:44:51', 4, 4, 0.0),
	(15129, 199, 23, '2021/10/29 10:44:51', '2021/10/29 11:44:51', 6, 5, 1.3),
	(15130, 199, 28, '2021/10/30 08:44:51', '2021/10/30 09:44:51', 4, 1, 2.1),
	(15131, 199, 69, '2021/10/31 10:44:51', '2021/10/31 11:44:51', 3, 1, 1.1),
	(15132, 199, 23, '2021/11/01 11:44:51', '2021/11/01 12:44:51', 5, 5, 0.0),
	(15133, 199, 174, '2021/11/02 09:44:51', '2021/11/02 10:44:51', 2, 3, 0.6),
	(15134, 199, 127, '2021/11/03 06:44:51', '2021/11/03 07:44:51', 6, 4, 2.6),
	(15135, 199, 70, '2021/11/04 06:44:51', '2021/11/04 07:44:51', 1, 5, 1.4),
	(15136, 199, 23, '2021/11/05 03:44:51', '2021/11/05 04:44:51', 5, 2, 1.2),
	(15137, 199, 147, '2021/11/06 02:44:51', '2021/11/06 03:44:51', 4, 6, 2.6),
	(15138, 199, 70, '2021/11/07 02:44:51', '2021/11/07 03:44:51', 5, 5, 0.0),
	(15139, 199, 164, '2021/11/08 01:44:51', '2021/11/08 02:44:51', 4, 6, 2.6),
	(15140, 199, 114, '2021/11/08 23:44:51', '2021/11/09 00:44:51', 3, 4, 1.6),
	(15141, 199, 66, '2021/11/09 23:44:51', '2021/11/10 00:44:51', 6, 3, 2.3),
	(15142, 199, 23, '2021/11/10 20:44:51', '2021/11/10 21:44:51', 2, 6, 1.7),
	(15143, 200, 136, '2021/10/02 21:44:39', '2021/10/02 22:44:39', 2, 1, 0.7),
	(15144, 200, 3, '2021/10/03 18:44:39', '2021/10/03 19:44:39', 4, 3, 1.6),
	(15145, 200, 25, '2021/10/04 16:44:39', '2021/10/04 17:44:39', 4, 5, 1.4),
	(15146, 200, 154, '2021/10/05 15:44:39', '2021/10/05 16:44:39', 1, 2, 0.7),
	(15147, 200, 70, '2021/10/06 14:44:39', '2021/10/06 15:44:39', 5, 3, 1.7),
	(15148, 200, 141, '2021/10/07 14:44:39', '2021/10/07 15:44:39', 1, 4, 2.1),
	(15149, 200, 16, '2021/10/08 14:44:39', '2021/10/08 15:44:39', 6, 5, 1.3),
	(15150, 200, 25, '2021/10/09 16:44:39', '2021/10/09 17:44:39', 5, 4, 1.4),
	(15151, 200, 174, '2021/10/10 13:44:39', '2021/10/10 14:44:39', 3, 6, 2.3),
	(15152, 200, 190, '2021/10/11 12:44:39', '2021/10/11 13:44:39', 6, 1, 1.3),
	(15153, 200, 177, '2021/10/12 13:44:39', '2021/10/12 14:44:39', 2, 5, 1.2),
	(15154, 200, 60, '2021/10/13 11:44:39', '2021/10/13 12:44:39', 1, 2, 0.7),
	(15155, 200, 164, '2021/10/14 08:44:39', '2021/10/14 09:44:39', 6, 5, 1.3),
	(15156, 200, 88, '2021/10/15 07:44:39', '2021/10/15 08:44:39', 3, 1, 1.1),
	(15157, 200, 155, '2021/10/16 06:44:39', '2021/10/16 07:44:39', 3, 6, 2.3),
	(15158, 200, 145, '2021/10/17 08:44:39', '2021/10/17 09:44:39', 6, 2, 1.7),
	(15159, 200, 113, '2021/10/18 08:44:39', '2021/10/18 09:44:39', 3, 2, 0.6),
	(15160, 200, 74, '2021/10/19 07:44:39', '2021/10/19 08:44:39', 2, 4, 1.5),
	(15161, 200, 115, '2021/10/20 08:44:39', '2021/10/20 09:44:39', 2, 2, 0.0),
	(15162, 200, 106, '2021/10/21 06:44:39', '2021/10/21 07:44:39', 6, 4, 2.6),
	(15163, 200, 54, '2021/10/22 07:44:39', '2021/10/22 08:44:39', 4, 6, 2.6),
	(15164, 200, 137, '2021/10/23 06:44:39', '2021/10/23 07:44:39', 4, 6, 2.6),
	(15165, 200, 52, '2021/10/24 06:44:39', '2021/10/24 07:44:39', 3, 2, 0.6),
	(15166, 200, 76, '2021/10/25 08:44:39', '2021/10/25 09:44:39', 1, 2, 0.7),
	(15167, 200, 16, '2021/10/26 05:44:39', '2021/10/26 06:44:39', 5, 5, 0.0),
	(15168, 201, 177, '2022/03/26 19:23:18', '2022/03/26 20:23:18', 5, 3, 1.7),
	(15169, 201, 164, '2022/03/27 20:23:18', '2022/03/27 21:23:18', 5, 6, 1.3),
	(15170, 201, 16, '2022/03/28 20:23:18', '2022/03/28 21:23:18', 5, 6, 1.3),
	(15171, 201, 72, '2022/03/29 22:23:18', '2022/03/29 23:23:18', 1, 6, 1.3),
	(15172, 201, 134, '2022/03/30 22:23:18', '2022/03/30 23:23:18', 6, 5, 1.3),
	(15173, 201, 7, '2022/03/31 20:23:18', '2022/03/31 21:23:18', 2, 5, 1.2),
	(15174, 201, 27, '2022/04/01 18:23:18', '2022/04/01 19:23:18', 4, 3, 1.6),
	(15175, 201, 145, '2022/04/02 16:23:18', '2022/04/02 17:23:18', 2, 5, 1.2),
	(15176, 201, 126, '2022/04/03 14:23:18', '2022/04/03 15:23:18', 6, 5, 1.3),
	(15177, 201, 119, '2022/04/04 16:23:18', '2022/04/04 17:23:18', 4, 6, 2.6),
	(15178, 201, 122, '2022/04/05 18:23:18', '2022/04/05 19:23:18', 2, 1, 0.7),
	(15179, 201, 169, '2022/04/06 20:23:18', '2022/04/06 21:23:18', 1, 1, 0.0),
	(15180, 201, 56, '2022/04/07 21:23:18', '2022/04/07 22:23:18', 6, 2, 1.7),
	(15181, 201, 121, '2022/04/08 23:23:18', '2022/04/09 00:23:18', 6, 1, 1.3),
	(15182, 201, 31, '2022/04/09 20:23:18', '2022/04/09 21:23:18', 3, 3, 0.0),
	(15183, 201, 116, '2022/04/10 22:23:18', '2022/04/10 23:23:18', 3, 6, 2.3),
	(15184, 201, 52, '2022/04/11 20:23:18', '2022/04/11 21:23:18', 2, 4, 1.5),
	(15185, 201, 163, '2022/04/12 20:23:18', '2022/04/12 21:23:18', 2, 6, 1.7),
	(15186, 201, 159, '2022/04/13 17:23:18', '2022/04/13 18:23:18', 3, 2, 0.6),
	(15187, 201, 145, '2022/04/14 17:23:18', '2022/04/14 18:23:18', 5, 1, 1.4),
	(15188, 201, 46, '2022/04/15 14:23:18', '2022/04/15 15:23:18', 3, 3, 0.0),
	(15189, 201, 125, '2022/04/16 11:23:18', '2022/04/16 12:23:18', 1, 2, 0.7),
	(15190, 201, 50, '2022/04/17 11:23:18', '2022/04/17 12:23:18', 3, 1, 1.1),
	(15191, 201, 130, '2022/04/18 13:23:18', '2022/04/18 14:23:18', 2, 3, 0.6),
	(15192, 201, 83, '2022/04/19 14:23:18', '2022/04/19 15:23:18', 3, 6, 2.3),
	(15193, 202, 125, '2022/05/27 06:16:45', '2022/05/27 07:16:45', 2, 1, 0.7),
	(15194, 202, 7, '2022/05/28 06:16:45', '2022/05/28 07:16:45', 5, 3, 1.7),
	(15195, 202, 188, '2022/05/29 06:16:45', '2022/05/29 07:16:45', 1, 5, 1.4),
	(15196, 202, 22, '2022/05/30 07:16:45', '2022/05/30 08:16:45', 2, 2, 0.0),
	(15197, 202, 153, '2022/05/31 08:16:45', '2022/05/31 09:16:45', 4, 2, 1.5),
	(15198, 202, 6, '2022/06/01 10:16:45', '2022/06/01 11:16:45', 3, 4, 1.6),
	(15199, 202, 117, '2022/06/02 08:16:45', '2022/06/02 09:16:45', 3, 5, 1.7),
	(15200, 202, 159, '2022/06/03 09:16:45', '2022/06/03 10:16:45', 2, 2, 0.0),
	(15201, 202, 46, '2022/06/04 11:16:45', '2022/06/04 12:16:45', 3, 4, 1.6),
	(15202, 202, 22, '2022/06/05 12:16:45', '2022/06/05 13:16:45', 2, 6, 1.7),
	(15203, 202, 31, '2022/06/06 09:16:45', '2022/06/06 10:16:45', 3, 1, 1.1),
	(15204, 202, 113, '2022/06/07 10:16:45', '2022/06/07 11:16:45', 2, 2, 0.0),
	(15205, 202, 56, '2022/06/08 10:16:45', '2022/06/08 11:16:45', 2, 5, 1.2),
	(15206, 202, 38, '2022/06/09 09:16:45', '2022/06/09 10:16:45', 1, 5, 1.4),
	(15207, 202, 172, '2022/06/10 11:16:45', '2022/06/10 12:16:45', 1, 3, 1.1),
	(15208, 202, 134, '2022/06/11 08:16:45', '2022/06/11 09:16:45', 5, 2, 1.2),
	(15209, 202, 154, '2022/06/12 09:16:45', '2022/06/12 10:16:45', 2, 2, 0.0),
	(15210, 202, 106, '2022/06/13 07:16:45', '2022/06/13 08:16:45', 4, 5, 1.4),
	(15211, 202, 56, '2022/06/14 07:16:45', '2022/06/14 08:16:45', 5, 3, 1.7),
	(15212, 202, 188, '2022/06/15 06:16:45', '2022/06/15 07:16:45', 5, 4, 1.4),
	(15213, 202, 53, '2022/06/16 07:16:45', '2022/06/16 08:16:45', 4, 4, 0.0),
	(15214, 202, 19, '2022/06/17 06:16:45', '2022/06/17 07:16:45', 6, 4, 2.6),
	(15215, 202, 38, '2022/06/18 04:16:45', '2022/06/18 05:16:45', 5, 4, 1.4),
	(15216, 202, 71, '2022/06/19 06:16:45', '2022/06/19 07:16:45', 2, 2, 0.0),
	(15217, 202, 132, '2022/06/20 05:16:45', '2022/06/20 06:16:45', 2, 6, 1.7),
	(15218, 203, 126, '2022/01/18 12:33:19', '2022/01/18 13:33:19', 5, 6, 1.3),
	(15219, 203, 45, '2022/01/19 11:33:19', '2022/01/19 12:33:19', 3, 6, 2.3),
	(15220, 203, 106, '2022/01/20 11:33:19', '2022/01/20 12:33:19', 5, 1, 1.4),
	(15221, 203, 117, '2022/01/21 09:33:19', '2022/01/21 10:33:19', 5, 1, 1.4),
	(15222, 203, 63, '2022/01/23 09:33:19', '2022/01/23 10:33:19', 1, 6, 1.3),
	(15223, 203, 76, '2022/01/24 09:33:19', '2022/01/24 10:33:19', 2, 6, 1.7),
	(15224, 203, 69, '2022/01/25 09:33:19', '2022/01/25 10:33:19', 1, 4, 2.1),
	(15225, 203, 112, '2022/01/27 08:33:19', '2022/01/27 09:33:19', 3, 5, 1.7),
	(15226, 203, 43, '2022/01/28 08:33:19', '2022/01/28 09:33:19', 1, 3, 1.1),
	(15227, 203, 15, '2022/01/29 08:33:19', '2022/01/29 09:33:19', 2, 5, 1.2),
	(15228, 203, 77, '2022/01/30 07:33:19', '2022/01/30 08:33:19', 4, 4, 0.0),
	(15229, 203, 169, '2022/01/31 04:33:19', '2022/01/31 05:33:19', 1, 6, 1.3),
	(15230, 203, 15, '2022/02/01 04:33:19', '2022/02/01 05:33:19', 5, 2, 1.2),
	(15231, 203, 173, '2022/02/02 06:33:19', '2022/02/02 07:33:19', 6, 4, 2.6),
	(15232, 203, 115, '2022/02/03 04:33:19', '2022/02/03 05:33:19', 2, 6, 1.7),
	(15233, 203, 112, '2022/02/04 04:33:19', '2022/02/04 05:33:19', 5, 1, 1.4),
	(15234, 203, 31, '2022/02/06 03:33:19', '2022/02/06 04:33:19', 1, 3, 1.1),
	(15235, 203, 186, '2022/02/07 00:33:19', '2022/02/07 01:33:19', 1, 6, 1.3),
	(15236, 203, 154, '2022/02/08 02:33:19', '2022/02/08 03:33:19', 2, 1, 0.7),
	(15237, 203, 52, '2022/02/09 04:33:19', '2022/02/09 05:33:19', 4, 6, 2.6),
	(15238, 203, 146, '2022/02/11 07:33:19', '2022/02/11 08:33:19', 2, 1, 0.7),
	(15239, 204, 23, '2022/05/19 02:12:06', '2022/05/19 03:12:06', 6, 5, 1.3),
	(15240, 204, 8, '2022/05/19 23:12:06', '2022/05/20 00:12:06', 2, 5, 1.2),
	(15241, 204, 81, '2022/05/20 20:12:06', '2022/05/20 21:12:06', 4, 4, 0.0),
	(15242, 204, 2, '2022/05/21 22:12:06', '2022/05/21 23:12:06', 6, 3, 2.3),
	(15243, 204, 54, '2022/05/22 19:12:06', '2022/05/22 20:12:06', 6, 5, 1.3),
	(15244, 204, 143, '2022/05/23 16:12:06', '2022/05/23 17:12:06', 3, 4, 1.6),
	(15245, 204, 113, '2022/05/24 16:12:06', '2022/05/24 17:12:06', 2, 1, 0.7),
	(15246, 204, 76, '2022/05/25 14:12:06', '2022/05/25 15:12:06', 6, 5, 1.3),
	(15247, 204, 76, '2022/05/26 12:12:06', '2022/05/26 13:12:06', 5, 5, 0.0),
	(15248, 204, 7, '2022/05/27 11:12:06', '2022/05/27 12:12:06', 3, 2, 0.6),
	(15249, 204, 171, '2022/05/28 12:12:06', '2022/05/28 13:12:06', 6, 6, 0.0),
	(15250, 204, 155, '2022/05/29 12:12:06', '2022/05/29 13:12:06', 6, 6, 0.0),
	(15251, 204, 192, '2022/05/30 13:12:06', '2022/05/30 14:12:06', 4, 6, 2.6),
	(15252, 204, 37, '2022/05/31 10:12:06', '2022/05/31 11:12:06', 3, 3, 0.0),
	(15253, 204, 137, '2022/06/01 10:12:06', '2022/06/01 11:12:06', 6, 2, 1.7),
	(15254, 204, 36, '2022/06/02 09:12:06', '2022/06/02 10:12:06', 3, 2, 0.6),
	(15255, 204, 76, '2022/06/03 07:12:06', '2022/06/03 08:12:06', 5, 4, 1.4),
	(15256, 204, 77, '2022/06/04 08:12:06', '2022/06/04 09:12:06', 4, 2, 1.5),
	(15257, 204, 62, '2022/06/05 07:12:06', '2022/06/05 08:12:06', 3, 3, 0.0),
	(15258, 204, 117, '2022/06/06 07:12:06', '2022/06/06 08:12:06', 1, 1, 0.0),
	(15259, 204, 181, '2022/06/07 07:12:06', '2022/06/07 08:12:06', 6, 6, 0.0),
	(15260, 204, 8, '2022/06/08 06:12:06', '2022/06/08 07:12:06', 5, 2, 1.2),
	(15261, 204, 54, '2022/06/09 05:12:06', '2022/06/09 06:12:06', 5, 6, 1.3),
	(15262, 204, 23, '2022/06/10 02:12:06', '2022/06/10 03:12:06', 5, 5, 0.0),
	(15263, 204, 10, '2022/06/11 01:12:06', '2022/06/11 02:12:06', 3, 5, 1.7),
	(15264, 205, 31, '2022/03/20 08:05:43', '2022/03/20 09:05:43', 3, 4, 1.6),
	(15265, 205, 49, '2022/03/21 06:05:43', '2022/03/21 07:05:43', 6, 1, 1.3),
	(15266, 205, 36, '2022/03/22 04:05:43', '2022/03/22 05:05:43', 2, 3, 0.6),
	(15267, 205, 23, '2022/03/23 04:05:43', '2022/03/23 05:05:43', 5, 5, 0.0),
	(15268, 205, 71, '2022/03/24 06:05:43', '2022/03/24 07:05:43', 2, 6, 1.7),
	(15269, 205, 171, '2022/03/25 08:05:43', '2022/03/25 09:05:43', 6, 2, 1.7),
	(15270, 205, 44, '2022/03/26 05:05:43', '2022/03/26 06:05:43', 4, 3, 1.6),
	(15271, 205, 4, '2022/03/27 05:05:43', '2022/03/27 06:05:43', 1, 4, 2.1),
	(15272, 205, 168, '2022/03/28 05:05:43', '2022/03/28 06:05:43', 6, 6, 0.0),
	(15273, 205, 159, '2022/03/29 05:05:43', '2022/03/29 06:05:43', 2, 3, 0.6),
	(15274, 205, 23, '2022/03/30 06:05:43', '2022/03/30 07:05:43', 5, 2, 1.2),
	(15275, 205, 189, '2022/03/31 03:05:43', '2022/03/31 04:05:43', 6, 2, 1.7),
	(15276, 205, 2, '2022/04/01 04:05:43', '2022/04/01 05:05:43', 3, 6, 2.3),
	(15277, 205, 15, '2022/04/02 06:05:43', '2022/04/02 07:05:43', 2, 2, 0.0),
	(15278, 205, 117, '2022/04/03 07:05:43', '2022/04/03 08:05:43', 1, 5, 1.4),
	(15279, 205, 127, '2022/04/04 06:05:43', '2022/04/04 07:05:43', 4, 5, 1.4),
	(15280, 205, 14, '2022/04/05 03:05:43', '2022/04/05 04:05:43', 4, 5, 1.4),
	(15281, 205, 188, '2022/04/06 03:05:43', '2022/04/06 04:05:43', 4, 4, 0.0),
	(15282, 205, 5, '2022/04/07 04:05:43', '2022/04/07 05:05:43', 1, 2, 0.7),
	(15283, 205, 17, '2022/04/08 02:05:43', '2022/04/08 03:05:43', 6, 1, 1.3),
	(15284, 205, 109, '2022/04/09 04:05:43', '2022/04/09 05:05:43', 2, 6, 1.7),
	(15285, 205, 184, '2022/04/10 02:05:43', '2022/04/10 03:05:43', 6, 1, 1.3),
	(15286, 205, 53, '2022/04/11 04:05:43', '2022/04/11 05:05:43', 4, 3, 1.6),
	(15287, 205, 189, '2022/04/12 03:05:43', '2022/04/12 04:05:43', 2, 3, 0.6),
	(15288, 205, 114, '2022/04/13 04:05:43', '2022/04/13 05:05:43', 4, 3, 1.6),
	(15289, 206, 7, '2021/12/12 06:15:15', '2021/12/12 07:15:15', 2, 3, 0.6),
	(15290, 206, 52, '2021/12/13 03:15:15', '2021/12/13 04:15:15', 6, 1, 1.3),
	(15291, 206, 147, '2021/12/14 04:15:15', '2021/12/14 05:15:15', 6, 2, 1.7),
	(15292, 206, 14, '2021/12/15 04:15:15', '2021/12/15 05:15:15', 5, 2, 1.2),
	(15293, 206, 117, '2021/12/16 03:15:15', '2021/12/16 04:15:15', 5, 5, 0.0),
	(15294, 206, 88, '2021/12/17 03:15:15', '2021/12/17 04:15:15', 1, 3, 1.1),
	(15295, 206, 172, '2021/12/18 00:15:15', '2021/12/18 01:15:15', 3, 6, 2.3),
	(15296, 206, 127, '2021/12/18 21:15:15', '2021/12/18 22:15:15', 5, 3, 1.7),
	(15297, 206, 86, '2021/12/19 22:15:15', '2021/12/19 23:15:15', 6, 3, 2.3),
	(15298, 206, 21, '2021/12/21 00:15:15', '2021/12/21 01:15:15', 6, 4, 2.6),
	(15299, 206, 30, '2021/12/21 23:15:15', '2021/12/22 00:15:15', 3, 5, 1.7),
	(15300, 206, 30, '2021/12/23 01:15:15', '2021/12/23 02:15:15', 5, 5, 0.0),
	(15301, 206, 162, '2021/12/24 02:15:15', '2021/12/24 03:15:15', 3, 6, 2.3),
	(15302, 206, 67, '2021/12/25 03:15:15', '2021/12/25 04:15:15', 3, 5, 1.7),
	(15303, 206, 49, '2021/12/26 00:15:15', '2021/12/26 01:15:15', 1, 2, 0.7),
	(15304, 206, 144, '2021/12/26 22:15:15', '2021/12/26 23:15:15', 4, 2, 1.5),
	(15305, 206, 76, '2021/12/27 20:15:15', '2021/12/27 21:15:15', 4, 4, 0.0),
	(15306, 206, 108, '2021/12/28 17:15:15', '2021/12/28 18:15:15', 4, 2, 1.5),
	(15307, 206, 111, '2021/12/29 18:15:15', '2021/12/29 19:15:15', 3, 5, 1.7),
	(15308, 206, 10, '2021/12/30 18:15:15', '2021/12/30 19:15:15', 5, 2, 1.2),
	(15309, 206, 190, '2021/12/31 20:15:15', '2021/12/31 21:15:15', 1, 3, 1.1),
	(15310, 206, 163, '2022/01/01 18:15:15', '2022/01/01 19:15:15', 6, 4, 2.6),
	(15311, 206, 57, '2022/01/02 18:15:15', '2022/01/02 19:15:15', 3, 2, 0.6),
	(15312, 206, 136, '2022/01/03 19:15:15', '2022/01/03 20:15:15', 1, 2, 0.7),
	(15313, 206, 24, '2022/01/04 20:15:15', '2022/01/04 21:15:15', 1, 2, 0.7),
	(15314, 207, 83, '2021/06/25 19:21:32', '2021/06/25 20:21:32', 6, 4, 2.6),
	(15315, 207, 141, '2021/06/26 21:21:32', '2021/06/26 22:21:32', 4, 5, 1.4),
	(15316, 207, 41, '2021/06/27 23:21:32', '2021/06/28 00:21:32', 6, 1, 1.3),
	(15317, 207, 134, '2021/06/28 22:21:32', '2021/06/28 23:21:32', 2, 2, 0.0),
	(15318, 207, 132, '2021/06/29 19:21:32', '2021/06/29 20:21:32', 6, 2, 1.7),
	(15319, 207, 23, '2021/06/30 17:21:32', '2021/06/30 18:21:32', 2, 6, 1.7),
	(15320, 207, 112, '2021/07/01 14:21:32', '2021/07/01 15:21:32', 1, 5, 1.4),
	(15321, 207, 112, '2021/07/02 11:21:32', '2021/07/02 12:21:32', 5, 4, 1.4),
	(15322, 207, 75, '2021/07/03 12:21:32', '2021/07/03 13:21:32', 4, 4, 0.0),
	(15323, 207, 108, '2021/07/04 09:21:32', '2021/07/04 10:21:32', 2, 3, 0.6),
	(15324, 207, 60, '2021/07/05 09:21:32', '2021/07/05 10:21:32', 2, 6, 1.7),
	(15325, 207, 111, '2021/07/06 10:21:32', '2021/07/06 11:21:32', 5, 1, 1.4),
	(15326, 207, 60, '2021/07/07 12:21:32', '2021/07/07 13:21:32', 6, 1, 1.3),
	(15327, 207, 110, '2021/07/08 12:21:32', '2021/07/08 13:21:32', 3, 1, 1.1),
	(15328, 207, 88, '2021/07/09 09:21:32', '2021/07/09 10:21:32', 3, 4, 1.6),
	(15329, 207, 7, '2021/07/10 11:21:32', '2021/07/10 12:21:32', 3, 1, 1.1),
	(15330, 207, 49, '2021/07/11 11:21:32', '2021/07/11 12:21:32', 2, 4, 1.5),
	(15331, 207, 52, '2021/07/12 09:21:32', '2021/07/12 10:21:32', 1, 1, 0.0),
	(15332, 207, 117, '2021/07/13 08:21:32', '2021/07/13 09:21:32', 5, 6, 1.3),
	(15333, 207, 148, '2021/07/14 08:21:32', '2021/07/14 09:21:32', 6, 4, 2.6),
	(15334, 207, 88, '2021/07/15 05:21:32', '2021/07/15 06:21:32', 4, 2, 1.5),
	(15335, 207, 154, '2021/07/16 05:21:32', '2021/07/16 06:21:32', 1, 4, 2.1),
	(15336, 207, 36, '2021/07/17 02:21:32', '2021/07/17 03:21:32', 3, 2, 0.6),
	(15337, 207, 23, '2021/07/18 02:21:32', '2021/07/18 03:21:32', 6, 1, 1.3),
	(15338, 207, 71, '2021/07/19 04:21:32', '2021/07/19 05:21:32', 6, 2, 1.7),
	(15339, 208, 30, '2022/02/08 01:02:44', '2022/02/08 02:02:44', 5, 3, 1.7),
	(15340, 208, 168, '2022/02/08 23:02:44', '2022/02/09 00:02:44', 6, 2, 1.7),
	(15341, 208, 67, '2022/02/10 00:02:44', '2022/02/10 01:02:44', 5, 1, 1.4),
	(15342, 208, 26, '2022/02/10 21:02:44', '2022/02/10 22:02:44', 3, 3, 0.0),
	(15343, 208, 141, '2022/02/11 22:02:44', '2022/02/11 23:02:44', 5, 3, 1.7),
	(15344, 208, 189, '2022/02/12 23:02:44', '2022/02/13 00:02:44', 3, 6, 2.3),
	(15345, 208, 68, '2022/02/14 01:02:44', '2022/02/14 02:02:44', 4, 1, 2.1),
	(15346, 208, 14, '2022/02/14 22:02:44', '2022/02/14 23:02:44', 2, 2, 0.0),
	(15347, 208, 175, '2022/02/16 22:02:44', '2022/02/16 23:02:44', 4, 4, 0.0),
	(15348, 208, 174, '2022/02/17 19:02:44', '2022/02/17 20:02:44', 6, 1, 1.3),
	(15349, 208, 74, '2022/02/19 18:02:44', '2022/02/19 19:02:44', 4, 6, 2.6),
	(15350, 208, 28, '2022/02/20 17:02:44', '2022/02/20 18:02:44', 1, 5, 1.4),
	(15351, 208, 51, '2022/02/21 15:02:44', '2022/02/21 16:02:44', 3, 4, 1.6),
	(15352, 208, 58, '2022/02/22 14:02:44', '2022/02/22 15:02:44', 1, 6, 1.3),
	(15353, 208, 148, '2022/02/23 13:02:44', '2022/02/23 14:02:44', 4, 3, 1.6),
	(15354, 208, 188, '2022/02/24 14:02:44', '2022/02/24 15:02:44', 4, 6, 2.6),
	(15355, 208, 137, '2022/02/25 12:02:44', '2022/02/25 13:02:44', 2, 3, 0.6),
	(15356, 208, 25, '2022/02/26 11:02:44', '2022/02/26 12:02:44', 4, 4, 0.0),
	(15357, 208, 85, '2022/02/27 10:02:44', '2022/02/27 11:02:44', 6, 5, 1.3),
	(15358, 208, 15, '2022/02/28 09:02:44', '2022/02/28 10:02:44', 2, 1, 0.7),
	(15359, 208, 146, '2022/03/01 07:02:44', '2022/03/01 08:02:44', 1, 3, 1.1),
	(15360, 208, 52, '2022/03/02 06:02:44', '2022/03/02 07:02:44', 1, 3, 1.1),
	(15361, 208, 127, '2022/03/03 04:02:44', '2022/03/03 05:02:44', 3, 2, 0.6),
	(15362, 209, 36, '2021/08/08 16:57:39', '2021/08/08 17:57:39', 2, 2, 0.0),
	(15363, 209, 0, '2021/08/09 16:57:39', '2021/08/09 17:57:39', 1, 4, 2.1),
	(15364, 209, 124, '2021/08/10 17:57:39', '2021/08/10 18:57:39', 1, 3, 1.1),
	(15365, 209, 109, '2021/08/11 19:57:39', '2021/08/11 20:57:39', 6, 2, 1.7),
	(15366, 209, 131, '2021/08/12 19:57:39', '2021/08/12 20:57:39', 6, 2, 1.7),
	(15367, 209, 30, '2021/08/13 20:57:39', '2021/08/13 21:57:39', 3, 3, 0.0),
	(15368, 209, 28, '2021/08/14 20:57:39', '2021/08/14 21:57:39', 5, 6, 1.3),
	(15369, 209, 0, '2021/08/15 19:57:39', '2021/08/15 20:57:39', 4, 2, 1.5),
	(15370, 209, 168, '2021/08/16 19:57:39', '2021/08/16 20:57:39', 2, 4, 1.5),
	(15371, 209, 61, '2021/08/17 20:57:39', '2021/08/17 21:57:39', 1, 6, 1.3),
	(15372, 209, 138, '2021/08/18 18:57:39', '2021/08/18 19:57:39', 4, 4, 0.0),
	(15373, 209, 85, '2021/08/19 17:57:39', '2021/08/19 18:57:39', 5, 1, 1.4),
	(15374, 209, 38, '2021/08/20 17:57:39', '2021/08/20 18:57:39', 4, 4, 0.0),
	(15375, 209, 13, '2021/08/21 17:57:39', '2021/08/21 18:57:39', 2, 1, 0.7),
	(15376, 209, 56, '2021/08/22 15:57:39', '2021/08/22 16:57:39', 3, 3, 0.0),
	(15377, 209, 113, '2021/08/23 14:57:39', '2021/08/23 15:57:39', 1, 5, 1.4),
	(15378, 209, 113, '2021/08/24 16:57:39', '2021/08/24 17:57:39', 5, 3, 1.7),
	(15379, 209, 163, '2021/08/25 18:57:39', '2021/08/25 19:57:39', 4, 4, 0.0),
	(15380, 209, 153, '2021/08/26 17:57:39', '2021/08/26 18:57:39', 2, 6, 1.7),
	(15381, 209, 48, '2021/08/27 18:57:39', '2021/08/27 19:57:39', 3, 4, 1.6),
	(15382, 209, 15, '2021/08/29 19:57:39', '2021/08/29 20:57:39', 1, 2, 0.7),
	(15383, 209, 152, '2021/08/31 19:57:39', '2021/08/31 20:57:39', 3, 4, 1.6),
	(15384, 210, 127, '2021/09/04 00:51:50', '2021/09/04 01:51:50', 2, 1, 0.7),
	(15385, 210, 82, '2021/09/05 00:51:50', '2021/09/05 01:51:50', 3, 5, 1.7),
	(15386, 210, 27, '2021/09/06 00:51:50', '2021/09/06 01:51:50', 3, 6, 2.3),
	(15387, 210, 81, '2021/09/07 00:51:50', '2021/09/07 01:51:50', 4, 3, 1.6),
	(15388, 210, 4, '2021/09/08 00:51:50', '2021/09/08 01:51:50', 4, 6, 2.6),
	(15389, 210, 39, '2021/09/09 01:51:50', '2021/09/09 02:51:50', 3, 1, 1.1),
	(15390, 210, 20, '2021/09/10 02:51:50', '2021/09/10 03:51:50', 4, 1, 2.1),
	(15391, 210, 109, '2021/09/11 03:51:50', '2021/09/11 04:51:50', 2, 2, 0.0),
	(15392, 210, 7, '2021/09/12 03:51:50', '2021/09/12 04:51:50', 1, 2, 0.7),
	(15393, 210, 82, '2021/09/13 03:51:50', '2021/09/13 04:51:50', 5, 1, 1.4),
	(15394, 210, 6, '2021/09/14 04:51:50', '2021/09/14 05:51:50', 4, 2, 1.5),
	(15395, 210, 21, '2021/09/15 04:51:50', '2021/09/15 05:51:50', 4, 3, 1.6),
	(15396, 210, 185, '2021/09/17 06:51:50', '2021/09/17 07:51:50', 1, 2, 0.7),
	(15397, 210, 185, '2021/09/18 08:51:50', '2021/09/18 09:51:50', 2, 5, 1.2),
	(15398, 210, 20, '2021/09/19 05:51:50', '2021/09/19 06:51:50', 1, 5, 1.4),
	(15399, 210, 164, '2021/09/20 07:51:50', '2021/09/20 08:51:50', 6, 6, 0.0),
	(15400, 210, 139, '2021/09/21 07:51:50', '2021/09/21 08:51:50', 4, 4, 0.0),
	(15401, 210, 116, '2021/09/22 06:51:50', '2021/09/22 07:51:50', 6, 4, 2.6),
	(15402, 210, 155, '2021/09/23 08:51:50', '2021/09/23 09:51:50', 6, 4, 2.6),
	(15403, 210, 78, '2021/09/24 06:51:50', '2021/09/24 07:51:50', 3, 3, 0.0),
	(15404, 210, 20, '2021/09/25 03:51:50', '2021/09/25 04:51:50', 5, 6, 1.3),
	(15405, 210, 185, '2021/09/26 04:51:50', '2021/09/26 05:51:50', 5, 2, 1.2),
	(15406, 210, 175, '2021/09/27 03:51:50', '2021/09/27 04:51:50', 4, 6, 2.6),
	(15407, 210, 172, '2021/09/28 04:51:50', '2021/09/28 05:51:50', 6, 3, 2.3),
	(15408, 211, 77, '2022/02/12 05:39:02', '2022/02/12 06:39:02', 2, 6, 1.7),
	(15409, 211, 118, '2022/02/13 03:39:02', '2022/02/13 04:39:02', 4, 3, 1.6),
	(15410, 211, 23, '2022/02/14 00:39:02', '2022/02/14 01:39:02', 1, 1, 0.0),
	(15411, 211, 168, '2022/02/15 02:39:02', '2022/02/15 03:39:02', 4, 2, 1.5),
	(15412, 211, 72, '2022/02/16 02:39:02', '2022/02/16 03:39:02', 6, 2, 1.7),
	(15413, 211, 165, '2022/02/17 01:39:02', '2022/02/17 02:39:02', 4, 4, 0.0),
	(15414, 211, 60, '2022/02/18 03:39:02', '2022/02/18 04:39:02', 1, 1, 0.0),
	(15415, 211, 126, '2022/02/19 03:39:02', '2022/02/19 04:39:02', 6, 3, 2.3),
	(15416, 211, 134, '2022/02/21 02:39:02', '2022/02/21 03:39:02', 2, 1, 0.7),
	(15417, 211, 106, '2022/02/22 02:39:02', '2022/02/22 03:39:02', 1, 3, 1.1),
	(15418, 211, 67, '2022/02/24 21:39:02', '2022/02/24 22:39:02', 1, 3, 1.1),
	(15419, 211, 48, '2022/02/25 19:39:02', '2022/02/25 20:39:02', 4, 3, 1.6),
	(15420, 211, 149, '2022/02/26 17:39:02', '2022/02/26 18:39:02', 4, 4, 0.0),
	(15421, 211, 177, '2022/02/27 19:39:02', '2022/02/27 20:39:02', 3, 5, 1.7),
	(15422, 211, 126, '2022/02/28 18:39:02', '2022/02/28 19:39:02', 3, 6, 2.3),
	(15423, 211, 8, '2022/03/01 18:39:02', '2022/03/01 19:39:02', 2, 2, 0.0),
	(15424, 211, 109, '2022/03/02 15:39:02', '2022/03/02 16:39:02', 2, 2, 0.0),
	(15425, 211, 0, '2022/03/03 17:39:02', '2022/03/03 18:39:02', 2, 6, 1.7),
	(15426, 211, 68, '2022/03/04 16:39:02', '2022/03/04 17:39:02', 1, 6, 1.3),
	(15427, 211, 127, '2022/03/05 16:39:02', '2022/03/05 17:39:02', 1, 2, 0.7),
	(15428, 211, 33, '2022/03/06 13:39:02', '2022/03/06 14:39:02', 6, 1, 1.3),
	(15429, 211, 158, '2022/03/07 12:39:02', '2022/03/07 13:39:02', 6, 6, 0.0),
	(15430, 212, 41, '2021/11/18 06:52:56', '2021/11/18 07:52:56', 1, 4, 2.1),
	(15431, 212, 177, '2021/11/19 05:52:56', '2021/11/19 06:52:56', 5, 1, 1.4),
	(15432, 212, 36, '2021/11/20 04:52:56', '2021/11/20 05:52:56', 2, 1, 0.7),
	(15433, 212, 160, '2021/11/21 04:52:56', '2021/11/21 05:52:56', 4, 3, 1.6),
	(15434, 212, 147, '2021/11/24 03:52:56', '2021/11/24 04:52:56', 2, 1, 0.7),
	(15435, 212, 5, '2021/11/25 04:52:56', '2021/11/25 05:52:56', 2, 3, 0.6),
	(15436, 212, 82, '2021/11/27 04:52:56', '2021/11/27 05:52:56', 1, 1, 0.0),
	(15437, 212, 62, '2021/11/28 02:52:56', '2021/11/28 03:52:56', 3, 1, 1.1),
	(15438, 212, 14, '2021/11/29 03:52:56', '2021/11/29 04:52:56', 2, 6, 1.7),
	(15439, 212, 144, '2021/11/30 02:52:56', '2021/11/30 03:52:56', 2, 5, 1.2),
	(15440, 212, 6, '2021/12/01 00:52:56', '2021/12/01 01:52:56', 2, 4, 1.5),
	(15441, 212, 86, '2021/12/01 21:52:56', '2021/12/01 22:52:56', 3, 6, 2.3),
	(15442, 212, 162, '2021/12/02 23:52:56', '2021/12/03 00:52:56', 6, 2, 1.7),
	(15443, 212, 132, '2021/12/04 01:52:56', '2021/12/04 02:52:56', 2, 5, 1.2),
	(15444, 212, 144, '2021/12/05 02:52:56', '2021/12/05 03:52:56', 5, 6, 1.3),
	(15445, 212, 132, '2021/12/06 00:52:56', '2021/12/06 01:52:56', 5, 4, 1.4),
	(15446, 212, 13, '2021/12/07 00:52:56', '2021/12/07 01:52:56', 1, 3, 1.1),
	(15447, 212, 120, '2021/12/07 21:52:56', '2021/12/07 22:52:56', 4, 2, 1.5),
	(15448, 212, 149, '2021/12/08 19:52:56', '2021/12/08 20:52:56', 4, 2, 1.5),
	(15449, 212, 45, '2021/12/09 18:52:56', '2021/12/09 19:52:56', 6, 1, 1.3),
	(15450, 212, 171, '2021/12/10 18:52:56', '2021/12/10 19:52:56', 2, 3, 0.6),
	(15451, 212, 56, '2021/12/11 19:52:56', '2021/12/11 20:52:56', 3, 2, 0.6),
	(15452, 213, 10, '2021/12/12 21:36:47', '2021/12/12 22:36:47', 2, 6, 1.7),
	(15453, 213, 15, '2021/12/13 18:36:47', '2021/12/13 19:36:47', 2, 6, 1.7),
	(15454, 213, 131, '2021/12/15 15:36:47', '2021/12/15 16:36:47', 2, 1, 0.7),
	(15455, 213, 180, '2021/12/16 17:36:47', '2021/12/16 18:36:47', 4, 1, 2.1),
	(15456, 213, 185, '2021/12/17 17:36:47', '2021/12/17 18:36:47', 2, 2, 0.0),
	(15457, 213, 189, '2021/12/19 12:36:47', '2021/12/19 13:36:47', 6, 5, 1.3),
	(15458, 213, 189, '2021/12/20 11:36:47', '2021/12/20 12:36:47', 5, 5, 0.0),
	(15459, 213, 168, '2021/12/21 11:36:47', '2021/12/21 12:36:47', 2, 6, 1.7),
	(15460, 213, 33, '2021/12/22 08:36:47', '2021/12/22 09:36:47', 1, 1, 0.0),
	(15461, 213, 15, '2021/12/23 07:36:47', '2021/12/23 08:36:47', 6, 6, 0.0),
	(15462, 213, 148, '2021/12/24 07:36:47', '2021/12/24 08:36:47', 3, 2, 0.6),
	(15463, 213, 189, '2021/12/25 06:36:47', '2021/12/25 07:36:47', 5, 4, 1.4),
	(15464, 213, 72, '2021/12/26 07:36:47', '2021/12/26 08:36:47', 2, 3, 0.6),
	(15465, 213, 113, '2021/12/27 09:36:47', '2021/12/27 10:36:47', 3, 6, 2.3),
	(15466, 213, 81, '2021/12/28 11:36:47', '2021/12/28 12:36:47', 3, 6, 2.3),
	(15467, 213, 3, '2021/12/29 11:36:47', '2021/12/29 12:36:47', 3, 3, 0.0),
	(15468, 213, 35, '2021/12/30 09:36:47', '2021/12/30 10:36:47', 3, 1, 1.1),
	(15469, 213, 179, '2021/12/31 09:36:47', '2021/12/31 10:36:47', 6, 1, 1.3),
	(15470, 213, 40, '2022/01/01 09:36:47', '2022/01/01 10:36:47', 4, 1, 2.1),
	(15471, 213, 109, '2022/01/02 09:36:47', '2022/01/02 10:36:47', 2, 4, 1.5),
	(15472, 214, 165, '2022/02/10 12:58:41', '2022/02/10 13:58:41', 4, 3, 1.6),
	(15473, 214, 46, '2022/02/11 09:58:41', '2022/02/11 10:58:41', 4, 1, 2.1),
	(15474, 214, 37, '2022/02/13 12:58:41', '2022/02/13 13:58:41', 3, 1, 1.1),
	(15475, 214, 122, '2022/02/15 15:58:41', '2022/02/15 16:58:41', 1, 2, 0.7),
	(15476, 214, 79, '2022/02/16 12:58:41', '2022/02/16 13:58:41', 3, 5, 1.7),
	(15477, 214, 79, '2022/02/17 12:58:41', '2022/02/17 13:58:41', 5, 6, 1.3),
	(15478, 214, 34, '2022/02/18 12:58:41', '2022/02/18 13:58:41', 4, 4, 0.0),
	(15479, 214, 42, '2022/02/19 13:58:41', '2022/02/19 14:58:41', 4, 6, 2.6),
	(15480, 214, 163, '2022/02/20 10:58:41', '2022/02/20 11:58:41', 4, 4, 0.0),
	(15481, 214, 46, '2022/02/21 10:58:41', '2022/02/21 11:58:41', 1, 2, 0.7),
	(15482, 214, 55, '2022/02/22 08:58:41', '2022/02/22 09:58:41', 6, 2, 1.7),
	(15483, 214, 153, '2022/02/23 09:58:41', '2022/02/23 10:58:41', 6, 6, 0.0),
	(15484, 214, 31, '2022/02/24 10:58:41', '2022/02/24 11:58:41', 4, 6, 2.6),
	(15485, 214, 57, '2022/02/26 09:58:41', '2022/02/26 10:58:41', 2, 2, 0.0),
	(15486, 214, 149, '2022/02/27 11:58:41', '2022/02/27 12:58:41', 2, 1, 0.7),
	(15487, 214, 42, '2022/02/28 10:58:41', '2022/02/28 11:58:41', 6, 2, 1.7),
	(15488, 214, 146, '2022/03/01 09:58:41', '2022/03/01 10:58:41', 3, 4, 1.6),
	(15489, 214, 120, '2022/03/02 07:58:41', '2022/03/02 08:58:41', 2, 3, 0.6),
	(15490, 214, 185, '2022/03/03 09:58:41', '2022/03/03 10:58:41', 2, 3, 0.6),
	(15491, 214, 59, '2022/03/04 11:58:41', '2022/03/04 12:58:41', 1, 1, 0.0),
	(15492, 214, 125, '2022/03/06 08:58:41', '2022/03/06 09:58:41', 1, 5, 1.4),
	(15493, 215, 79, '2022/02/22 16:24:57', '2022/02/22 17:24:57', 6, 6, 0.0),
	(15494, 215, 56, '2022/02/23 17:24:57', '2022/02/23 18:24:57', 2, 6, 1.7),
	(15495, 215, 170, '2022/02/24 14:24:57', '2022/02/24 15:24:57', 1, 3, 1.1),
	(15496, 215, 189, '2022/02/25 13:24:57', '2022/02/25 14:24:57', 4, 2, 1.5),
	(15497, 215, 13, '2022/02/26 15:24:57', '2022/02/26 16:24:57', 3, 6, 2.3),
	(15498, 215, 185, '2022/02/27 13:24:57', '2022/02/27 14:24:57', 3, 4, 1.6),
	(15499, 215, 82, '2022/02/28 13:24:57', '2022/02/28 14:24:57', 1, 3, 1.1),
	(15500, 215, 42, '2022/03/01 10:24:57', '2022/03/01 11:24:57', 2, 2, 0.0),
	(15501, 215, 178, '2022/03/02 08:24:57', '2022/03/02 09:24:57', 4, 3, 1.6),
	(15502, 215, 83, '2022/03/03 07:24:57', '2022/03/03 08:24:57', 4, 3, 1.6),
	(15503, 215, 125, '2022/03/04 05:24:57', '2022/03/04 06:24:57', 5, 2, 1.2),
	(15504, 215, 180, '2022/03/05 03:24:57', '2022/03/05 04:24:57', 1, 6, 1.3),
	(15505, 215, 54, '2022/03/06 02:24:57', '2022/03/06 03:24:57', 6, 3, 2.3),
	(15506, 215, 48, '2022/03/07 02:24:57', '2022/03/07 03:24:57', 3, 4, 1.6),
	(15507, 215, 174, '2022/03/09 02:24:57', '2022/03/09 03:24:57', 1, 5, 1.4),
	(15508, 215, 35, '2022/03/10 02:24:57', '2022/03/10 03:24:57', 1, 2, 0.7),
	(15509, 215, 109, '2022/03/11 03:24:57', '2022/03/11 04:24:57', 4, 5, 1.4),
	(15510, 215, 181, '2022/03/12 04:24:57', '2022/03/12 05:24:57', 6, 1, 1.3),
	(15511, 215, 32, '2022/03/13 04:24:57', '2022/03/13 05:24:57', 4, 3, 1.6),
	(15512, 215, 109, '2022/03/14 05:24:57', '2022/03/14 06:24:57', 5, 4, 1.4),
	(15513, 215, 88, '2022/03/15 03:24:57', '2022/03/15 04:24:57', 2, 1, 0.7),
	(15514, 215, 174, '2022/03/16 00:24:57', '2022/03/16 01:24:57', 5, 3, 1.7),
	(15515, 215, 135, '2022/03/17 02:24:57', '2022/03/17 03:24:57', 1, 2, 0.7),
	(15516, 215, 52, '2022/03/18 00:24:57', '2022/03/18 01:24:57', 3, 5, 1.7),
	(15517, 216, 44, '2021/06/21 18:47:09', '2021/06/21 19:47:09', 3, 1, 1.1),
	(15518, 216, 85, '2021/06/22 16:47:09', '2021/06/22 17:47:09', 1, 6, 1.3),
	(15519, 216, 52, '2021/06/23 14:47:09', '2021/06/23 15:47:09', 5, 3, 1.7),
	(15520, 216, 8, '2021/06/24 14:47:09', '2021/06/24 15:47:09', 2, 1, 0.7),
	(15521, 216, 136, '2021/06/25 15:47:09', '2021/06/25 16:47:09', 2, 3, 0.6),
	(15522, 216, 61, '2021/06/26 12:47:09', '2021/06/26 13:47:09', 6, 1, 1.3),
	(15523, 216, 26, '2021/06/27 09:47:09', '2021/06/27 10:47:09', 3, 1, 1.1),
	(15524, 216, 45, '2021/06/30 07:47:09', '2021/06/30 08:47:09', 1, 2, 0.7),
	(15525, 216, 175, '2021/07/01 09:47:09', '2021/07/01 10:47:09', 6, 6, 0.0),
	(15526, 216, 45, '2021/07/02 06:47:09', '2021/07/02 07:47:09', 2, 5, 1.2),
	(15527, 216, 163, '2021/07/03 03:47:09', '2021/07/03 04:47:09', 4, 6, 2.6),
	(15528, 216, 2, '2021/07/04 04:47:09', '2021/07/04 05:47:09', 6, 3, 2.3),
	(15529, 216, 55, '2021/07/05 01:47:09', '2021/07/05 02:47:09', 2, 2, 0.0),
	(15530, 216, 7, '2021/07/05 22:47:09', '2021/07/05 23:47:09', 2, 3, 0.6),
	(15531, 216, 189, '2021/07/07 00:47:09', '2021/07/07 01:47:09', 2, 1, 0.7),
	(15532, 216, 128, '2021/07/08 02:47:09', '2021/07/08 03:47:09', 3, 3, 0.0),
	(15533, 216, 71, '2021/07/09 03:47:09', '2021/07/09 04:47:09', 2, 5, 1.2),
	(15534, 216, 117, '2021/07/10 00:47:09', '2021/07/10 01:47:09', 6, 1, 1.3),
	(15535, 216, 4, '2021/07/11 01:47:09', '2021/07/11 02:47:09', 6, 5, 1.3),
	(15536, 216, 71, '2021/07/12 02:47:09', '2021/07/12 03:47:09', 5, 6, 1.3),
	(15537, 216, 4, '2021/07/13 00:47:09', '2021/07/13 01:47:09', 5, 5, 0.0),
	(15538, 216, 70, '2021/07/13 23:47:09', '2021/07/14 00:47:09', 3, 1, 1.1),
	(15539, 216, 7, '2021/07/14 20:47:09', '2021/07/14 21:47:09', 3, 2, 0.6),
	(15540, 217, 45, '2021/07/12 21:13:34', '2021/07/12 22:13:34', 5, 5, 0.0),
	(15541, 217, 23, '2021/07/13 18:13:34', '2021/07/13 19:13:34', 1, 2, 0.7),
	(15542, 217, 69, '2021/07/14 19:13:34', '2021/07/14 20:13:34', 4, 2, 1.5),
	(15543, 217, 122, '2021/07/15 21:13:34', '2021/07/15 22:13:34', 2, 1, 0.7),
	(15544, 217, 130, '2021/07/16 23:13:34', '2021/07/17 00:13:34', 3, 4, 1.6),
	(15545, 217, 45, '2021/07/17 21:13:34', '2021/07/17 22:13:34', 5, 5, 0.0),
	(15546, 217, 29, '2021/07/18 23:13:34', '2021/07/19 00:13:34', 4, 5, 1.4),
	(15547, 217, 75, '2021/07/19 20:13:34', '2021/07/19 21:13:34', 4, 2, 1.5),
	(15548, 217, 29, '2021/07/20 21:13:34', '2021/07/20 22:13:34', 5, 1, 1.4),
	(15549, 217, 55, '2021/07/21 22:13:34', '2021/07/21 23:13:34', 2, 2, 0.0),
	(15550, 217, 189, '2021/07/22 22:13:34', '2021/07/22 23:13:34', 1, 4, 2.1),
	(15551, 217, 187, '2021/07/23 19:13:34', '2021/07/23 20:13:34', 6, 5, 1.3),
	(15552, 217, 143, '2021/07/24 18:13:34', '2021/07/24 19:13:34', 4, 2, 1.5),
	(15553, 217, 138, '2021/07/25 18:13:34', '2021/07/25 19:13:34', 4, 1, 2.1),
	(15554, 217, 176, '2021/07/26 19:13:34', '2021/07/26 20:13:34', 4, 4, 0.0),
	(15555, 217, 45, '2021/07/27 20:13:34', '2021/07/27 21:13:34', 5, 5, 0.0),
	(15556, 217, 187, '2021/07/28 18:13:34', '2021/07/28 19:13:34', 5, 2, 1.2),
	(15557, 217, 126, '2021/07/29 16:13:34', '2021/07/29 17:13:34', 6, 3, 2.3),
	(15558, 217, 122, '2021/07/30 14:13:34', '2021/07/30 15:13:34', 1, 3, 1.1),
	(15559, 217, 129, '2021/07/31 14:13:34', '2021/07/31 15:13:34', 4, 2, 1.5),
	(15560, 217, 35, '2021/08/01 16:13:34', '2021/08/01 17:13:34', 2, 6, 1.7),
	(15561, 217, 45, '2021/08/02 18:13:34', '2021/08/02 19:13:34', 5, 1, 1.4),
	(15562, 217, 4, '2021/08/03 20:13:34', '2021/08/03 21:13:34', 5, 3, 1.7),
	(15563, 217, 48, '2021/08/04 22:13:34', '2021/08/04 23:13:34', 4, 6, 2.6),
	(15564, 218, 111, '2022/02/20 15:41:04', '2022/02/20 16:41:04', 1, 5, 1.4),
	(15565, 218, 111, '2022/02/21 13:41:04', '2022/02/21 14:41:04', 5, 6, 1.3),
	(15566, 218, 64, '2022/02/22 14:41:04', '2022/02/22 15:41:04', 3, 4, 1.6),
	(15567, 218, 142, '2022/02/23 14:41:04', '2022/02/23 15:41:04', 4, 3, 1.6),
	(15568, 218, 26, '2022/02/24 16:41:04', '2022/02/24 17:41:04', 1, 3, 1.1),
	(15569, 218, 39, '2022/02/25 16:41:04', '2022/02/25 17:41:04', 1, 5, 1.4),
	(15570, 218, 24, '2022/02/26 16:41:04', '2022/02/26 17:41:04', 2, 6, 1.7),
	(15571, 218, 22, '2022/02/27 13:41:04', '2022/02/27 14:41:04', 6, 2, 1.7),
	(15572, 218, 66, '2022/02/28 10:41:04', '2022/02/28 11:41:04', 3, 4, 1.6),
	(15573, 218, 51, '2022/03/01 12:41:04', '2022/03/01 13:41:04', 4, 6, 2.6),
	(15574, 218, 38, '2022/03/02 11:41:04', '2022/03/02 12:41:04', 4, 6, 2.6),
	(15575, 218, 113, '2022/03/03 13:41:04', '2022/03/03 14:41:04', 6, 1, 1.3),
	(15576, 218, 176, '2022/03/04 12:41:04', '2022/03/04 13:41:04', 4, 5, 1.4),
	(15577, 218, 156, '2022/03/05 11:41:04', '2022/03/05 12:41:04', 6, 3, 2.3),
	(15578, 218, 15, '2022/03/06 09:41:04', '2022/03/06 10:41:04', 6, 2, 1.7),
	(15579, 218, 39, '2022/03/07 09:41:04', '2022/03/07 10:41:04', 5, 3, 1.7),
	(15580, 218, 168, '2022/03/08 09:41:04', '2022/03/08 10:41:04', 6, 4, 2.6),
	(15581, 218, 128, '2022/03/09 06:41:04', '2022/03/09 07:41:04', 3, 5, 1.7),
	(15582, 218, 113, '2022/03/10 04:41:04', '2022/03/10 05:41:04', 1, 3, 1.1),
	(15583, 218, 176, '2022/03/11 01:41:04', '2022/03/11 02:41:04', 5, 1, 1.4),
	(15584, 218, 109, '2022/03/12 00:41:04', '2022/03/12 01:41:04', 4, 6, 2.6),
	(15585, 218, 128, '2022/03/13 01:41:04', '2022/03/13 02:41:04', 5, 5, 0.0),
	(15586, 218, 128, '2022/03/14 02:41:04', '2022/03/14 03:41:04', 5, 4, 1.4),
	(15587, 219, 134, '2022/04/24 07:11:54', '2022/04/24 08:11:54', 1, 1, 0.0),
	(15588, 219, 112, '2022/04/25 08:11:54', '2022/04/25 09:11:54', 4, 5, 1.4),
	(15589, 219, 42, '2022/04/26 09:11:54', '2022/04/26 10:11:54', 2, 5, 1.2),
	(15590, 219, 85, '2022/04/27 10:11:54', '2022/04/27 11:11:54', 6, 4, 2.6),
	(15591, 219, 110, '2022/04/28 08:11:54', '2022/04/28 09:11:54', 1, 2, 0.7),
	(15592, 219, 76, '2022/04/29 09:11:54', '2022/04/29 10:11:54', 4, 3, 1.6),
	(15593, 219, 2, '2022/04/30 06:11:54', '2022/04/30 07:11:54', 3, 3, 0.0),
	(15594, 219, 134, '2022/05/01 08:11:54', '2022/05/01 09:11:54', 1, 6, 1.3),
	(15595, 219, 131, '2022/05/02 05:11:54', '2022/05/02 06:11:54', 1, 5, 1.4),
	(15596, 219, 110, '2022/05/03 03:11:54', '2022/05/03 04:11:54', 2, 3, 0.6),
	(15597, 219, 85, '2022/05/04 05:11:54', '2022/05/04 06:11:54', 4, 4, 0.0),
	(15598, 219, 131, '2022/05/05 07:11:54', '2022/05/05 08:11:54', 5, 3, 1.7),
	(15599, 219, 168, '2022/05/06 08:11:54', '2022/05/06 09:11:54', 4, 1, 2.1),
	(15600, 219, 138, '2022/05/07 10:11:54', '2022/05/07 11:11:54', 1, 4, 2.1),
	(15601, 219, 154, '2022/05/08 08:11:54', '2022/05/08 09:11:54', 4, 2, 1.5),
	(15602, 219, 61, '2022/05/09 10:11:54', '2022/05/09 11:11:54', 1, 4, 2.1),
	(15603, 219, 135, '2022/05/10 07:11:54', '2022/05/10 08:11:54', 2, 4, 1.5),
	(15604, 219, 65, '2022/05/11 07:11:54', '2022/05/11 08:11:54', 1, 5, 1.4),
	(15605, 219, 139, '2022/05/12 09:11:54', '2022/05/12 10:11:54', 4, 5, 1.4),
	(15606, 219, 135, '2022/05/13 08:11:54', '2022/05/13 09:11:54', 4, 4, 0.0),
	(15607, 219, 36, '2022/05/14 05:11:54', '2022/05/14 06:11:54', 1, 4, 2.1),
	(15608, 219, 128, '2022/05/15 05:11:54', '2022/05/15 06:11:54', 4, 1, 2.1),
	(15609, 219, 15, '2022/05/16 05:11:54', '2022/05/16 06:11:54', 2, 2, 0.0),
	(15610, 219, 176, '2022/05/17 02:11:54', '2022/05/17 03:11:54', 1, 5, 1.4),
	(15611, 220, 138, '2021/07/20 06:22:19', '2021/07/20 07:22:19', 4, 5, 1.4),
	(15612, 220, 17, '2021/07/21 05:22:19', '2021/07/21 06:22:19', 1, 1, 0.0),
	(15613, 220, 64, '2021/07/22 06:22:19', '2021/07/22 07:22:19', 4, 5, 1.4),
	(15614, 220, 70, '2021/07/23 07:22:19', '2021/07/23 08:22:19', 1, 1, 0.0),
	(15615, 220, 10, '2021/07/24 06:22:19', '2021/07/24 07:22:19', 6, 5, 1.3),
	(15616, 220, 23, '2021/07/25 06:22:19', '2021/07/25 07:22:19', 2, 6, 1.7),
	(15617, 220, 70, '2021/07/26 05:22:19', '2021/07/26 06:22:19', 1, 4, 2.1),
	(15618, 220, 74, '2021/07/27 04:22:19', '2021/07/27 05:22:19', 6, 4, 2.6),
	(15619, 220, 178, '2021/07/28 05:22:19', '2021/07/28 06:22:19', 3, 5, 1.7),
	(15620, 220, 162, '2021/07/29 07:22:19', '2021/07/29 08:22:19', 2, 4, 1.5),
	(15621, 220, 110, '2021/07/30 04:22:19', '2021/07/30 05:22:19', 3, 3, 0.0),
	(15622, 220, 104, '2021/07/31 03:22:19', '2021/07/31 04:22:19', 4, 4, 0.0),
	(15623, 220, 62, '2021/08/01 01:22:19', '2021/08/01 02:22:19', 1, 1, 0.0),
	(15624, 220, 66, '2021/08/01 22:22:19', '2021/08/01 23:22:19', 4, 4, 0.0),
	(15625, 220, 163, '2021/08/02 19:22:19', '2021/08/02 20:22:19', 6, 1, 1.3),
	(15626, 220, 58, '2021/08/03 18:22:19', '2021/08/03 19:22:19', 6, 6, 0.0),
	(15627, 220, 65, '2021/08/04 19:22:19', '2021/08/04 20:22:19', 5, 1, 1.4),
	(15628, 220, 147, '2021/08/05 21:22:19', '2021/08/05 22:22:19', 1, 6, 1.3),
	(15629, 220, 138, '2021/08/06 23:22:19', '2021/08/07 00:22:19', 5, 1, 1.4),
	(15630, 220, 151, '2021/08/07 23:22:19', '2021/08/08 00:22:19', 6, 3, 2.3),
	(15631, 220, 154, '2021/08/09 00:22:19', '2021/08/09 01:22:19', 2, 5, 1.2),
	(15632, 220, 154, '2021/08/09 22:22:19', '2021/08/09 23:22:19', 5, 1, 1.4),
	(15633, 220, 4, '2021/08/10 19:22:19', '2021/08/10 20:22:19', 3, 3, 0.0),
	(15634, 220, 178, '2021/08/11 20:22:19', '2021/08/11 21:22:19', 5, 6, 1.3),
	(15635, 220, 19, '2021/08/12 18:22:19', '2021/08/12 19:22:19', 4, 5, 1.4),
	(15636, 221, 116, '2021/10/14 17:10:51', '2021/10/14 18:10:51', 4, 4, 0.0),
	(15637, 221, 89, '2021/10/15 18:10:51', '2021/10/15 19:10:51', 3, 3, 0.0),
	(15638, 221, 19, '2021/10/16 18:10:51', '2021/10/16 19:10:51', 5, 2, 1.2),
	(15639, 221, 101, '2021/10/17 18:10:51', '2021/10/17 19:10:51', 6, 5, 1.3),
	(15640, 221, 139, '2021/10/18 20:10:51', '2021/10/18 21:10:51', 5, 2, 1.2),
	(15641, 221, 112, '2021/10/19 21:10:51', '2021/10/19 22:10:51', 5, 5, 0.0),
	(15642, 221, 120, '2021/10/20 22:10:51', '2021/10/20 23:10:51', 3, 6, 2.3),
	(15643, 221, 64, '2021/10/22 00:10:51', '2021/10/22 01:10:51', 5, 4, 1.4),
	(15644, 221, 135, '2021/10/23 02:10:51', '2021/10/23 03:10:51', 4, 2, 1.5),
	(15645, 221, 88, '2021/10/24 03:10:51', '2021/10/24 04:10:51', 1, 3, 1.1),
	(15646, 221, 28, '2021/10/25 05:10:51', '2021/10/25 06:10:51', 6, 6, 0.0),
	(15647, 221, 60, '2021/10/26 06:10:51', '2021/10/26 07:10:51', 1, 4, 2.1),
	(15648, 221, 16, '2021/10/27 06:10:51', '2021/10/27 07:10:51', 6, 2, 1.7),
	(15649, 221, 16, '2021/10/28 08:10:51', '2021/10/28 09:10:51', 2, 4, 1.5),
	(15650, 221, 147, '2021/10/29 09:10:51', '2021/10/29 10:10:51', 6, 5, 1.3),
	(15651, 221, 117, '2021/10/30 10:10:51', '2021/10/30 11:10:51', 1, 2, 0.7),
	(15652, 221, 71, '2021/10/31 11:10:51', '2021/10/31 12:10:51', 6, 1, 1.3),
	(15653, 221, 22, '2021/11/01 08:10:51', '2021/11/01 09:10:51', 2, 6, 1.7),
	(15654, 221, 53, '2021/11/02 06:10:51', '2021/11/02 07:10:51', 3, 5, 1.7),
	(15655, 221, 12, '2021/11/03 07:10:51', '2021/11/03 08:10:51', 4, 1, 2.1),
	(15656, 221, 43, '2021/11/04 09:10:51', '2021/11/04 10:10:51', 3, 2, 0.6),
	(15657, 221, 165, '2021/11/05 11:10:51', '2021/11/05 12:10:51', 3, 5, 1.7),
	(15658, 221, 19, '2021/11/06 10:10:51', '2021/11/06 11:10:51', 2, 6, 1.7),
	(15659, 221, 124, '2021/11/07 10:10:51', '2021/11/07 11:10:51', 3, 1, 1.1),
	(15660, 221, 147, '2021/11/08 11:10:51', '2021/11/08 12:10:51', 5, 4, 1.4),
	(15661, 222, 182, '2022/02/18 22:21:31', '2022/02/18 23:21:31', 6, 6, 0.0),
	(15662, 222, 53, '2022/02/19 22:21:31', '2022/02/19 23:21:31', 5, 2, 1.2),
	(15663, 222, 59, '2022/02/20 19:21:31', '2022/02/20 20:21:31', 1, 4, 2.1),
	(15664, 222, 187, '2022/02/21 16:21:31', '2022/02/21 17:21:31', 2, 1, 0.7),
	(15665, 222, 55, '2022/02/22 15:21:31', '2022/02/22 16:21:31', 2, 1, 0.7),
	(15666, 222, 122, '2022/02/23 13:21:31', '2022/02/23 14:21:31', 3, 3, 0.0),
	(15667, 222, 75, '2022/02/24 11:21:31', '2022/02/24 12:21:31', 2, 5, 1.2),
	(15668, 222, 173, '2022/02/25 13:21:31', '2022/02/25 14:21:31', 4, 5, 1.4),
	(15669, 222, 173, '2022/02/26 10:21:31', '2022/02/26 11:21:31', 5, 4, 1.4),
	(15670, 222, 144, '2022/02/27 11:21:31', '2022/02/27 12:21:31', 6, 6, 0.0),
	(15671, 222, 176, '2022/02/28 12:21:31', '2022/02/28 13:21:31', 5, 2, 1.2),
	(15672, 222, 133, '2022/03/01 13:21:31', '2022/03/01 14:21:31', 4, 2, 1.5),
	(15673, 222, 112, '2022/03/02 11:21:31', '2022/03/02 12:21:31', 5, 5, 0.0),
	(15674, 222, 30, '2022/03/03 08:21:31', '2022/03/03 09:21:31', 3, 6, 2.3),
	(15675, 222, 15, '2022/03/04 09:21:31', '2022/03/04 10:21:31', 2, 1, 0.7),
	(15676, 222, 165, '2022/03/05 09:21:31', '2022/03/05 10:21:31', 5, 5, 0.0),
	(15677, 222, 113, '2022/03/06 10:21:31', '2022/03/06 11:21:31', 3, 2, 0.6),
	(15678, 222, 65, '2022/03/07 07:21:31', '2022/03/07 08:21:31', 1, 1, 0.0),
	(15679, 222, 48, '2022/03/08 09:21:31', '2022/03/08 10:21:31', 6, 5, 1.3),
	(15680, 222, 79, '2022/03/09 07:21:31', '2022/03/09 08:21:31', 6, 5, 1.3),
	(15681, 222, 56, '2022/03/10 05:21:31', '2022/03/10 06:21:31', 6, 1, 1.3),
	(15682, 222, 174, '2022/03/11 06:21:31', '2022/03/11 07:21:31', 3, 4, 1.6),
	(15683, 222, 59, '2022/03/12 08:21:31', '2022/03/12 09:21:31', 4, 2, 1.5),
	(15684, 222, 48, '2022/03/13 05:21:31', '2022/03/13 06:21:31', 5, 3, 1.7),
	(15685, 222, 42, '2022/03/14 07:21:31', '2022/03/14 08:21:31', 5, 3, 1.7),
	(15686, 223, 101, '2021/06/23 01:28:16', '2021/06/23 02:28:16', 5, 2, 1.2),
	(15687, 223, 165, '2021/06/23 23:28:16', '2021/06/24 00:28:16', 5, 1, 1.4),
	(15688, 223, 133, '2021/06/24 23:28:16', '2021/06/25 00:28:16', 2, 5, 1.2),
	(15689, 223, 140, '2021/06/25 22:28:16', '2021/06/25 23:28:16', 2, 4, 1.5),
	(15690, 223, 142, '2021/06/26 19:28:16', '2021/06/26 20:28:16', 3, 2, 0.6),
	(15691, 223, 55, '2021/06/27 20:28:16', '2021/06/27 21:28:16', 1, 4, 2.1),
	(15692, 223, 66, '2021/06/28 19:28:16', '2021/06/28 20:28:16', 4, 6, 2.6),
	(15693, 223, 75, '2021/06/29 17:28:16', '2021/06/29 18:28:16', 5, 2, 1.2),
	(15694, 223, 163, '2021/06/30 16:28:16', '2021/06/30 17:28:16', 1, 5, 1.4),
	(15695, 223, 163, '2021/07/01 13:28:16', '2021/07/01 14:28:16', 5, 3, 1.7),
	(15696, 223, 129, '2021/07/02 15:28:16', '2021/07/02 16:28:16', 2, 4, 1.5),
	(15697, 223, 164, '2021/07/03 17:28:16', '2021/07/03 18:28:16', 6, 1, 1.3),
	(15698, 223, 17, '2021/07/04 14:28:16', '2021/07/04 15:28:16', 1, 3, 1.1),
	(15699, 223, 71, '2021/07/05 12:28:16', '2021/07/05 13:28:16', 1, 6, 1.3),
	(15700, 223, 18, '2021/07/06 10:28:16', '2021/07/06 11:28:16', 6, 6, 0.0),
	(15701, 223, 174, '2021/07/07 11:28:16', '2021/07/07 12:28:16', 4, 1, 2.1),
	(15702, 223, 162, '2021/07/08 09:28:16', '2021/07/08 10:28:16', 4, 1, 2.1),
	(15703, 223, 127, '2021/07/09 07:28:16', '2021/07/09 08:28:16', 2, 3, 0.6),
	(15704, 223, 56, '2021/07/10 05:28:16', '2021/07/10 06:28:16', 1, 2, 0.7),
	(15705, 223, 75, '2021/07/11 04:28:16', '2021/07/11 05:28:16', 2, 6, 1.7),
	(15706, 223, 59, '2021/07/12 06:28:16', '2021/07/12 07:28:16', 2, 6, 1.7),
	(15707, 223, 79, '2021/07/13 06:28:16', '2021/07/13 07:28:16', 5, 1, 1.4),
	(15708, 223, 162, '2021/07/14 07:28:16', '2021/07/14 08:28:16', 1, 3, 1.1),
	(15709, 223, 111, '2021/07/15 05:28:16', '2021/07/15 06:28:16', 6, 1, 1.3),
	(15710, 223, 90, '2021/07/16 06:28:16', '2021/07/16 07:28:16', 1, 3, 1.1),
	(15711, 224, 54, '2021/09/27 10:33:11', '2021/09/27 11:33:11', 3, 2, 0.6),
	(15712, 224, 158, '2021/09/28 12:33:11', '2021/09/28 13:33:11', 6, 6, 0.0),
	(15713, 224, 19, '2021/09/29 09:33:11', '2021/09/29 10:33:11', 6, 5, 1.3),
	(15714, 224, 168, '2021/09/30 10:33:11', '2021/09/30 11:33:11', 1, 5, 1.4),
	(15715, 224, 171, '2021/10/01 12:33:11', '2021/10/01 13:33:11', 3, 1, 1.1),
	(15716, 224, 38, '2021/10/02 11:33:11', '2021/10/02 12:33:11', 6, 5, 1.3),
	(15717, 224, 16, '2021/10/03 13:33:11', '2021/10/03 14:33:11', 4, 1, 2.1),
	(15718, 224, 29, '2021/10/04 13:33:11', '2021/10/04 14:33:11', 1, 5, 1.4),
	(15719, 224, 64, '2021/10/05 10:33:11', '2021/10/05 11:33:11', 4, 2, 1.5),
	(15720, 224, 67, '2021/10/06 12:33:11', '2021/10/06 13:33:11', 3, 2, 0.6),
	(15721, 224, 168, '2021/10/07 13:33:11', '2021/10/07 14:33:11', 5, 2, 1.2),
	(15722, 224, 36, '2021/10/08 15:33:11', '2021/10/08 16:33:11', 4, 4, 0.0),
	(15723, 224, 106, '2021/10/09 15:33:11', '2021/10/09 16:33:11', 3, 6, 2.3),
	(15724, 224, 10, '2021/10/10 13:33:11', '2021/10/10 14:33:11', 5, 2, 1.2),
	(15725, 224, 177, '2021/10/11 10:33:11', '2021/10/11 11:33:11', 1, 1, 0.0),
	(15726, 224, 172, '2021/10/12 12:33:11', '2021/10/12 13:33:11', 3, 1, 1.1),
	(15727, 224, 51, '2021/10/13 14:33:11', '2021/10/13 15:33:11', 6, 1, 1.3),
	(15728, 224, 62, '2021/10/14 16:33:11', '2021/10/14 17:33:11', 1, 6, 1.3),
	(15729, 224, 156, '2021/10/15 17:33:11', '2021/10/15 18:33:11', 3, 4, 1.6),
	(15730, 224, 171, '2021/10/16 14:33:11', '2021/10/16 15:33:11', 1, 3, 1.1),
	(15731, 224, 9, '2021/10/17 16:33:11', '2021/10/17 17:33:11', 1, 3, 1.1),
	(15732, 224, 33, '2021/10/18 14:33:11', '2021/10/18 15:33:11', 1, 3, 1.1),
	(15733, 224, 133, '2021/10/19 15:33:11', '2021/10/19 16:33:11', 5, 6, 1.3),
	(15734, 224, 19, '2021/10/20 14:33:11', '2021/10/20 15:33:11', 5, 6, 1.3),
	(15735, 224, 29, '2021/10/21 13:33:11', '2021/10/21 14:33:11', 5, 6, 1.3),
	(15736, 225, 12, '2021/10/10 06:23:54', '2021/10/10 07:23:54', 1, 2, 0.7),
	(15737, 225, 112, '2021/10/11 03:23:54', '2021/10/11 04:23:54', 5, 2, 1.2),
	(15738, 225, 10, '2021/10/12 05:23:54', '2021/10/12 06:23:54', 2, 4, 1.5),
	(15739, 225, 38, '2021/10/13 06:23:54', '2021/10/13 07:23:54', 5, 4, 1.4),
	(15740, 225, 123, '2021/10/14 03:23:54', '2021/10/14 04:23:54', 3, 5, 1.7),
	(15741, 225, 123, '2021/10/15 02:23:54', '2021/10/15 03:23:54', 5, 1, 1.4),
	(15742, 225, 172, '2021/10/17 01:23:54', '2021/10/17 02:23:54', 1, 5, 1.4),
	(15743, 225, 149, '2021/10/18 02:23:54', '2021/10/18 03:23:54', 1, 2, 0.7),
	(15744, 225, 172, '2021/10/19 02:23:54', '2021/10/19 03:23:54', 5, 1, 1.4),
	(15745, 225, 81, '2021/10/20 01:23:54', '2021/10/20 02:23:54', 6, 2, 1.7),
	(15746, 225, 12, '2021/10/20 23:23:54', '2021/10/21 00:23:54', 2, 6, 1.7),
	(15747, 225, 56, '2021/10/21 22:23:54', '2021/10/21 23:23:54', 2, 4, 1.5),
	(15748, 225, 125, '2021/10/22 23:23:54', '2021/10/23 00:23:54', 2, 1, 0.7),
	(15749, 225, 50, '2021/10/24 01:23:54', '2021/10/24 02:23:54', 1, 4, 2.1),
	(15750, 225, 190, '2021/10/24 23:23:54', '2021/10/25 00:23:54', 3, 3, 0.0),
	(15751, 225, 152, '2021/10/25 22:23:54', '2021/10/25 23:23:54', 4, 3, 1.6),
	(15752, 225, 122, '2021/10/28 01:23:54', '2021/10/28 02:23:54', 3, 6, 2.3),
	(15753, 225, 179, '2021/10/29 03:23:54', '2021/10/29 04:23:54', 1, 3, 1.1),
	(15754, 225, 183, '2021/10/30 02:23:54', '2021/10/30 03:23:54', 3, 3, 0.0),
	(15755, 225, 155, '2021/10/31 04:23:54', '2021/10/31 05:23:54', 4, 1, 2.1),
	(15756, 225, 69, '2021/11/01 03:23:54', '2021/11/01 04:23:54', 2, 4, 1.5),
	(15757, 225, 47, '2021/11/02 05:23:54', '2021/11/02 06:23:54', 4, 1, 2.1),
	(15758, 226, 185, '2022/03/15 17:38:40', '2022/03/15 18:38:40', 4, 5, 1.4),
	(15759, 226, 185, '2022/03/16 16:38:40', '2022/03/16 17:38:40', 5, 4, 1.4),
	(15760, 226, 33, '2022/03/17 15:38:40', '2022/03/17 16:38:40', 3, 2, 0.6),
	(15761, 226, 124, '2022/03/18 13:38:40', '2022/03/18 14:38:40', 1, 2, 0.7),
	(15762, 226, 152, '2022/03/19 15:38:40', '2022/03/19 16:38:40', 3, 6, 2.3),
	(15763, 226, 157, '2022/03/20 12:38:40', '2022/03/20 13:38:40', 3, 1, 1.1),
	(15764, 226, 110, '2022/03/21 14:38:40', '2022/03/21 15:38:40', 3, 2, 0.6),
	(15765, 226, 176, '2022/03/22 11:38:40', '2022/03/22 12:38:40', 2, 1, 0.7),
	(15766, 226, 70, '2022/03/23 11:38:40', '2022/03/23 12:38:40', 4, 3, 1.6),
	(15767, 226, 64, '2022/03/24 10:38:40', '2022/03/24 11:38:40', 2, 2, 0.0),
	(15768, 226, 24, '2022/03/25 12:38:40', '2022/03/25 13:38:40', 6, 4, 2.6),
	(15769, 226, 174, '2022/03/26 10:38:40', '2022/03/26 11:38:40', 1, 1, 0.0),
	(15770, 226, 135, '2022/03/27 07:38:40', '2022/03/27 08:38:40', 2, 2, 0.0),
	(15771, 226, 167, '2022/03/28 04:38:40', '2022/03/28 05:38:40', 4, 6, 2.6),
	(15772, 226, 14, '2022/03/29 01:38:40', '2022/03/29 02:38:40', 6, 4, 2.6),
	(15773, 226, 39, '2022/03/29 23:38:40', '2022/03/30 00:38:40', 3, 5, 1.7),
	(15774, 226, 123, '2022/03/30 23:38:40', '2022/03/31 00:38:40', 1, 2, 0.7),
	(15775, 226, 46, '2022/03/31 21:38:40', '2022/03/31 22:38:40', 2, 2, 0.0),
	(15776, 226, 39, '2022/04/01 18:38:40', '2022/04/01 19:38:40', 5, 5, 0.0),
	(15777, 226, 23, '2022/04/02 16:38:40', '2022/04/02 17:38:40', 6, 5, 1.3),
	(15778, 226, 36, '2022/04/03 18:38:40', '2022/04/03 19:38:40', 4, 3, 1.6),
	(15779, 226, 64, '2022/04/04 19:38:40', '2022/04/04 20:38:40', 2, 1, 0.7),
	(15780, 226, 20, '2022/04/05 21:38:40', '2022/04/05 22:38:40', 6, 5, 1.3),
	(15781, 226, 65, '2022/04/06 21:38:40', '2022/04/06 22:38:40', 1, 6, 1.3),
	(15782, 226, 39, '2022/04/07 23:38:40', '2022/04/08 00:38:40', 5, 2, 1.2),
	(15783, 227, 76, '2021/08/31 17:22:48', '2021/08/31 18:22:48', 3, 2, 0.6),
	(15784, 227, 23, '2021/09/01 15:22:48', '2021/09/01 16:22:48', 5, 2, 1.2),
	(15785, 227, 86, '2021/09/02 12:22:48', '2021/09/02 13:22:48', 6, 4, 2.6),
	(15786, 227, 59, '2021/09/03 14:22:48', '2021/09/03 15:22:48', 6, 1, 1.3),
	(15787, 227, 134, '2021/09/04 15:22:48', '2021/09/04 16:22:48', 6, 4, 2.6),
	(15788, 227, 145, '2021/09/05 17:22:48', '2021/09/05 18:22:48', 1, 5, 1.4),
	(15789, 227, 145, '2021/09/06 17:22:48', '2021/09/06 18:22:48', 5, 1, 1.4),
	(15790, 227, 129, '2021/09/07 19:22:48', '2021/09/07 20:22:48', 4, 5, 1.4),
	(15791, 227, 20, '2021/09/08 20:22:48', '2021/09/08 21:22:48', 5, 2, 1.2),
	(15792, 227, 171, '2021/09/09 18:22:48', '2021/09/09 19:22:48', 3, 5, 1.7),
	(15793, 227, 161, '2021/09/10 15:22:48', '2021/09/10 16:22:48', 4, 4, 0.0),
	(15794, 227, 125, '2021/09/11 14:22:48', '2021/09/11 15:22:48', 1, 6, 1.3),
	(15795, 227, 165, '2021/09/12 11:22:48', '2021/09/12 12:22:48', 1, 1, 0.0),
	(15796, 227, 46, '2021/09/13 09:22:48', '2021/09/13 10:22:48', 2, 4, 1.5),
	(15797, 227, 123, '2021/09/14 09:22:48', '2021/09/14 10:22:48', 2, 1, 0.7),
	(15798, 227, 171, '2021/09/15 08:22:48', '2021/09/15 09:22:48', 5, 5, 0.0),
	(15799, 227, 142, '2021/09/16 07:22:48', '2021/09/16 08:22:48', 2, 6, 1.7),
	(15800, 227, 74, '2021/09/17 06:22:48', '2021/09/17 07:22:48', 4, 1, 2.1),
	(15801, 227, 85, '2021/09/18 07:22:48', '2021/09/18 08:22:48', 4, 3, 1.6),
	(15802, 227, 128, '2021/09/19 09:22:48', '2021/09/19 10:22:48', 1, 4, 2.1),
	(15803, 227, 171, '2021/09/20 09:22:48', '2021/09/20 10:22:48', 5, 6, 1.3),
	(15804, 227, 70, '2021/09/21 08:22:48', '2021/09/21 09:22:48', 3, 6, 2.3),
	(15805, 227, 129, '2021/09/22 07:22:48', '2021/09/22 08:22:48', 5, 2, 1.2),
	(15806, 227, 54, '2021/09/24 06:22:48', '2021/09/24 07:22:48', 2, 1, 0.7),
	(15807, 228, 157, '2021/12/24 08:12:00', '2021/12/24 09:12:00', 1, 6, 1.3),
	(15808, 228, 147, '2021/12/25 05:12:00', '2021/12/25 06:12:00', 4, 6, 2.6),
	(15809, 228, 37, '2021/12/26 02:12:00', '2021/12/26 03:12:00', 1, 6, 1.3),
	(15810, 228, 160, '2021/12/27 01:12:00', '2021/12/27 02:12:00', 3, 3, 0.0),
	(15811, 228, 63, '2021/12/29 01:12:00', '2021/12/29 02:12:00', 6, 2, 1.7),
	(15812, 228, 111, '2021/12/29 23:12:00', '2021/12/30 00:12:00', 1, 2, 0.7),
	(15813, 228, 148, '2021/12/31 01:12:00', '2021/12/31 02:12:00', 2, 6, 1.7),
	(15814, 228, 117, '2021/12/31 23:12:00', '2022/01/01 00:12:00', 2, 6, 1.7),
	(15815, 228, 132, '2022/01/02 20:12:00', '2022/01/02 21:12:00', 4, 5, 1.4),
	(15816, 228, 186, '2022/01/03 18:12:00', '2022/01/03 19:12:00', 6, 2, 1.7),
	(15817, 228, 132, '2022/01/04 15:12:00', '2022/01/04 16:12:00', 5, 1, 1.4),
	(15818, 228, 165, '2022/01/05 13:12:00', '2022/01/05 14:12:00', 1, 1, 0.0),
	(15819, 228, 4, '2022/01/06 13:12:00', '2022/01/06 14:12:00', 3, 3, 0.0),
	(15820, 228, 186, '2022/01/07 14:12:00', '2022/01/07 15:12:00', 2, 3, 0.6),
	(15821, 228, 33, '2022/01/08 11:12:00', '2022/01/08 12:12:00', 2, 4, 1.5),
	(15822, 228, 173, '2022/01/09 08:12:00', '2022/01/09 09:12:00', 4, 1, 2.1),
	(15823, 228, 54, '2022/01/10 09:12:00', '2022/01/10 10:12:00', 1, 2, 0.7),
	(15824, 228, 121, '2022/01/11 06:12:00', '2022/01/11 07:12:00', 1, 3, 1.1),
	(15825, 228, 119, '2022/01/12 04:12:00', '2022/01/12 05:12:00', 6, 3, 2.3),
	(15826, 228, 168, '2022/01/13 02:12:00', '2022/01/13 03:12:00', 2, 6, 1.7),
	(15827, 228, 184, '2022/01/14 01:12:00', '2022/01/14 02:12:00', 1, 2, 0.7),
	(15828, 228, 80, '2022/01/14 23:12:00', '2022/01/15 00:12:00', 4, 4, 0.0),
	(15829, 229, 101, '2021/10/12 10:29:43', '2021/10/12 11:29:43', 2, 1, 0.7),
	(15830, 229, 13, '2021/10/13 08:29:43', '2021/10/13 09:29:43', 6, 3, 2.3),
	(15831, 229, 86, '2021/10/14 07:29:43', '2021/10/14 08:29:43', 4, 6, 2.6),
	(15832, 229, 184, '2021/10/15 05:29:43', '2021/10/15 06:29:43', 2, 2, 0.0),
	(15833, 229, 50, '2021/10/16 04:29:43', '2021/10/16 05:29:43', 4, 4, 0.0),
	(15834, 229, 170, '2021/10/17 03:29:43', '2021/10/17 04:29:43', 3, 6, 2.3),
	(15835, 229, 168, '2021/10/18 04:29:43', '2021/10/18 05:29:43', 6, 2, 1.7),
	(15836, 229, 118, '2021/10/20 01:29:43', '2021/10/20 02:29:43', 3, 3, 0.0),
	(15837, 229, 41, '2021/10/21 02:29:43', '2021/10/21 03:29:43', 4, 1, 2.1),
	(15838, 229, 24, '2021/10/21 23:29:43', '2021/10/22 00:29:43', 4, 2, 1.5),
	(15839, 229, 82, '2021/10/22 23:29:43', '2021/10/23 00:29:43', 3, 4, 1.6),
	(15840, 229, 7, '2021/10/23 21:29:43', '2021/10/23 22:29:43', 2, 1, 0.7),
	(15841, 229, 40, '2021/10/24 23:29:43', '2021/10/25 00:29:43', 1, 2, 0.7),
	(15842, 229, 46, '2021/10/25 20:29:43', '2021/10/25 21:29:43', 4, 6, 2.6),
	(15843, 229, 9, '2021/10/26 19:29:43', '2021/10/26 20:29:43', 3, 3, 0.0),
	(15844, 229, 112, '2021/10/28 22:29:43', '2021/10/28 23:29:43', 2, 2, 0.0),
	(15845, 229, 113, '2021/10/30 22:29:43', '2021/10/30 23:29:43', 2, 4, 1.5),
	(15846, 229, 14, '2021/10/31 21:29:43', '2021/10/31 22:29:43', 4, 5, 1.4),
	(15847, 229, 37, '2021/11/01 21:29:43', '2021/11/01 22:29:43', 6, 3, 2.3),
	(15848, 229, 104, '2021/11/02 21:29:43', '2021/11/02 22:29:43', 4, 3, 1.6),
	(15849, 229, 110, '2021/11/03 21:29:43', '2021/11/03 22:29:43', 2, 4, 1.5),
	(15850, 229, 66, '2021/11/04 19:29:43', '2021/11/04 20:29:43', 6, 4, 2.6),
	(15851, 230, 40, '2021/12/12 23:41:43', '2021/12/13 00:41:43', 2, 3, 0.6),
	(15852, 230, 14, '2021/12/14 01:41:43', '2021/12/14 02:41:43', 5, 5, 0.0),
	(15853, 230, 28, '2021/12/15 00:41:43', '2021/12/15 01:41:43', 6, 5, 1.3),
	(15854, 230, 27, '2021/12/15 22:41:43', '2021/12/15 23:41:43', 6, 2, 1.7),
	(15855, 230, 155, '2021/12/16 23:41:43', '2021/12/17 00:41:43', 1, 5, 1.4),
	(15856, 230, 28, '2021/12/17 20:41:43', '2021/12/17 21:41:43', 5, 1, 1.4),
	(15857, 230, 14, '2021/12/18 19:41:43', '2021/12/18 20:41:43', 5, 5, 0.0),
	(15858, 230, 73, '2021/12/19 17:41:43', '2021/12/19 18:41:43', 4, 3, 1.6),
	(15859, 230, 173, '2021/12/20 16:41:43', '2021/12/20 17:41:43', 1, 1, 0.0),
	(15860, 230, 155, '2021/12/21 15:41:43', '2021/12/21 16:41:43', 5, 4, 1.4),
	(15861, 230, 57, '2021/12/22 12:41:43', '2021/12/22 13:41:43', 2, 2, 0.0),
	(15862, 230, 118, '2021/12/23 14:41:43', '2021/12/23 15:41:43', 3, 4, 1.6),
	(15863, 230, 110, '2021/12/24 12:41:43', '2021/12/24 13:41:43', 4, 3, 1.6),
	(15864, 230, 133, '2021/12/25 13:41:43', '2021/12/25 14:41:43', 6, 2, 1.7),
	(15865, 230, 14, '2021/12/26 11:41:43', '2021/12/26 12:41:43', 5, 6, 1.3),
	(15866, 230, 25, '2021/12/27 13:41:43', '2021/12/27 14:41:43', 4, 5, 1.4),
	(15867, 230, 25, '2021/12/28 10:41:43', '2021/12/28 11:41:43', 5, 4, 1.4),
	(15868, 230, 65, '2021/12/29 12:41:43', '2021/12/29 13:41:43', 6, 2, 1.7),
	(15869, 230, 135, '2021/12/30 13:41:43', '2021/12/30 14:41:43', 2, 2, 0.0),
	(15870, 230, 154, '2021/12/31 13:41:43', '2021/12/31 14:41:43', 1, 5, 1.4),
	(15871, 230, 154, '2022/01/01 15:41:43', '2022/01/01 16:41:43', 5, 5, 0.0),
	(15872, 230, 154, '2022/01/02 16:41:43', '2022/01/02 17:41:43', 5, 1, 1.4),
	(15873, 230, 74, '2022/01/03 14:41:43', '2022/01/03 15:41:43', 1, 1, 0.0),
	(15874, 230, 171, '2022/01/04 11:41:43', '2022/01/04 12:41:43', 6, 4, 2.6),
	(15875, 230, 187, '2022/01/05 12:41:43', '2022/01/05 13:41:43', 1, 6, 1.3),
	(15876, 231, 87, '2021/10/14 04:24:01', '2021/10/14 05:24:01', 3, 6, 2.3),
	(15877, 231, 16, '2021/10/15 02:24:01', '2021/10/15 03:24:01', 1, 4, 2.1),
	(15878, 231, 134, '2021/10/16 01:24:01', '2021/10/16 02:24:01', 4, 4, 0.0),
	(15879, 231, 89, '2021/10/17 01:24:01', '2021/10/17 02:24:01', 3, 5, 1.7),
	(15880, 231, 118, '2021/10/18 02:24:01', '2021/10/18 03:24:01', 4, 3, 1.6),
	(15881, 231, 140, '2021/10/19 02:24:01', '2021/10/19 03:24:01', 4, 5, 1.4),
	(15882, 231, 16, '2021/10/20 00:24:01', '2021/10/20 01:24:01', 4, 5, 1.4),
	(15883, 231, 8, '2021/10/21 00:24:01', '2021/10/21 01:24:01', 1, 1, 0.0),
	(15884, 231, 155, '2021/10/22 02:24:01', '2021/10/22 03:24:01', 4, 6, 2.6),
	(15885, 231, 184, '2021/10/23 04:24:01', '2021/10/23 05:24:01', 2, 6, 1.7),
	(15886, 231, 182, '2021/10/24 04:24:01', '2021/10/24 05:24:01', 6, 3, 2.3),
	(15887, 231, 115, '2021/10/25 06:24:01', '2021/10/25 07:24:01', 6, 4, 2.6),
	(15888, 231, 164, '2021/10/26 05:24:01', '2021/10/26 06:24:01', 1, 6, 1.3),
	(15889, 231, 176, '2021/10/27 06:24:01', '2021/10/27 07:24:01', 1, 4, 2.1),
	(15890, 231, 182, '2021/10/28 06:24:01', '2021/10/28 07:24:01', 3, 2, 0.6),
	(15891, 231, 67, '2021/10/29 07:24:01', '2021/10/29 08:24:01', 2, 5, 1.2),
	(15892, 231, 39, '2021/10/30 09:24:01', '2021/10/30 10:24:01', 2, 1, 0.7),
	(15893, 231, 176, '2021/10/31 09:24:01', '2021/10/31 10:24:01', 4, 1, 2.1),
	(15894, 231, 165, '2021/11/01 09:24:01', '2021/11/01 10:24:01', 1, 1, 0.0),
	(15895, 231, 124, '2021/11/02 09:24:01', '2021/11/02 10:24:01', 2, 3, 0.6),
	(15896, 231, 6, '2021/11/03 07:24:01', '2021/11/03 08:24:01', 4, 2, 1.5),
	(15897, 231, 126, '2021/11/04 08:24:01', '2021/11/04 09:24:01', 3, 6, 2.3),
	(15898, 231, 161, '2021/11/05 09:24:01', '2021/11/05 10:24:01', 4, 2, 1.5),
	(15899, 231, 184, '2021/11/06 07:24:01', '2021/11/06 08:24:01', 6, 5, 1.3),
	(15900, 231, 50, '2021/11/07 05:24:01', '2021/11/07 06:24:01', 4, 4, 0.0),
	(15901, 28, 177, '2020/06/22 03:51:31', '2020/06/22 05:30:31', 1, 3, 1.1),
	(15902, 28, 177, '2020/06/22 06:57:31', '2020/06/22 07:55:00', 1, 3, 1.1);
/*!40000 ALTER TABLE `rentals` ENABLE KEYS */;

-- Dumping structure for table bikesharing.stations
CREATE TABLE IF NOT EXISTS `stations` (
  `IDStation` int(11) NOT NULL AUTO_INCREMENT,
  `lat` double NOT NULL DEFAULT 0,
  `lon` double NOT NULL DEFAULT 0,
  `slots` tinyint(3) unsigned NOT NULL DEFAULT 0,
  `stationName` varchar(50) NOT NULL DEFAULT '',
  `stationAddr` varchar(50) NOT NULL DEFAULT '',
  PRIMARY KEY (`IDStation`)
) ENGINE=InnoDB AUTO_INCREMENT=7 DEFAULT CHARSET=utf8mb4;

-- Dumping data for table bikesharing.stations: ~6 rows (approximately)
/*!40000 ALTER TABLE `stations` DISABLE KEYS */;
INSERT INTO `stations` (`IDStation`, `lat`, `lon`, `slots`, `stationName`, `stationAddr`) VALUES
	(1, 45.691731, 9.67609, 50, 'Centrale', 'Bergamo Stazione'),
	(2, 45.694635, 9.668647, 50, 'Porta Nuova', 'Piazza Cavalieri di Vittorio Veneto'),
	(3, 45.692084, 9.661682, 50, 'Triangolo', 'Borgo San Leonardo'),
	(4, 45.706455, 9.658326, 50, 'Citt alta', 'Largo Colle Aperto'),
	(5, 45.704192, 9.675933, 50, 'Accademia Carrara', 'Piazza Giacomo Carrara'),
	(6, 45.698622, 9.689982, 50, 'Cimitero Monumentale Di Bergamo', 'Piazzale Del Cimitero');
/*!40000 ALTER TABLE `stations` ENABLE KEYS */;

-- Dumping structure for table bikesharing.users
CREATE TABLE IF NOT EXISTS `users` (
  `IDUser` int(11) unsigned NOT NULL AUTO_INCREMENT,
  `email` varchar(255) NOT NULL DEFAULT '',
  `password` varchar(255) NOT NULL DEFAULT '',
  `username` varchar(64) NOT NULL DEFAULT '',
  `name` varchar(64) NOT NULL DEFAULT '',
  `surname` varchar(64) NOT NULL DEFAULT '',
  `address` varchar(255) NOT NULL DEFAULT '',
  `birthdate` varchar(50) NOT NULL DEFAULT '',
  `privilege` tinyint(1) unsigned NOT NULL DEFAULT 0,
  `verified` tinyint(1) unsigned NOT NULL DEFAULT 0,
  PRIMARY KEY (`IDUser`)
) ENGINE=InnoDB AUTO_INCREMENT=232 DEFAULT CHARSET=utf8mb4;

-- Dumping data for table bikesharing.users: ~101 rows (approximately)
/*!40000 ALTER TABLE `users` DISABLE KEYS */;
INSERT INTO `users` (`IDUser`, `email`, `password`, `username`, `name`, `surname`, `address`, `birthdate`, `privilege`, `verified`) VALUES
	(28, 'davidevertigocuni@gmail.com', '$2y$10$SNite45RiIhU.1mBVWfcs.lURyuDmV/5NTjuN8E/5dM/ob5KCs43O', 'admin', '', '', '', '2001-10-31', 1, 1),
	(132, 'PhyllisKoualeski@fake.it', '$2y$10$t6hOdFcr9ovD84b/kqtYBOXwbwix9LY1FBy0qyhVPOFXPr0VKahBa', 'Phyllis_Koualeski', 'Phyllis', 'Koualeski', 'Vicolo Margherita 6, 58474 Trentin ligure (BG)', '1999-05-19', 0, 1),
	(133, 'AndrewGoldner@fake.it', '$2y$10$t6hOdFcr9ovD84b/kqtYBOXwbwix9LY1FBy0qyhVPOFXPr0VKahBa', 'Andrew_Goldner', 'Andrew', 'Goldner', 'Borgo Visintini 1, 23866 Settimo Caterina (BG)', '1988-01-19', 0, 1),
	(134, 'LarryStacy@fake.it', '$2y$10$t6hOdFcr9ovD84b/kqtYBOXwbwix9LY1FBy0qyhVPOFXPr0VKahBa', 'Larry_Stacy', 'Larry', 'Stacy', 'Via Chiara 602, 82662 Martino sardo (BG)', '1975-11-03', 0, 1),
	(135, 'HubertMyles@fake.it', '$2y$10$t6hOdFcr9ovD84b/kqtYBOXwbwix9LY1FBy0qyhVPOFXPr0VKahBa', 'Hubert_Myles', 'Hubert', 'Myles', 'Via Santorio 6, 96883 Gianetti laziale (BG)', '1951-03-24', 0, 1),
	(136, 'HarryVang@fake.it', '$2y$10$t6hOdFcr9ovD84b/kqtYBOXwbwix9LY1FBy0qyhVPOFXPr0VKahBa', 'Harry_Vang', 'Harry', 'Vang', 'Strada Ricci 701, 38196 San Renzo (BG)', '1959-03-30', 0, 1),
	(137, 'ChesterSmith@fake.it', '$2y$10$t6hOdFcr9ovD84b/kqtYBOXwbwix9LY1FBy0qyhVPOFXPr0VKahBa', 'Chester_Smith', 'Chester', 'Smith', 'Stretto Cavalcanti 62, 43682 Burcardo nell\'emilia (BG)', '1996-03-03', 0, 1),
	(138, 'JuliaWells@fake.it', '$2y$10$t6hOdFcr9ovD84b/kqtYBOXwbwix9LY1FBy0qyhVPOFXPr0VKahBa', 'Julia_Wells', 'Julia', 'Wells', 'Via Morgagni 222, 64864 Roberto nell\'emilia (BG)', '1944-03-01', 0, 1),
	(139, 'FrancesRamos@fake.it', '$2y$10$t6hOdFcr9ovD84b/kqtYBOXwbwix9LY1FBy0qyhVPOFXPr0VKahBa', 'Frances_Ramos', 'Frances', 'Ramos', 'Borgo Antonello 056, 37373 Borgo Bernardo (BG)', '1971-08-23', 0, 1),
	(140, 'MilagrosBaldwin@fake.it', '$2y$10$t6hOdFcr9ovD84b/kqtYBOXwbwix9LY1FBy0qyhVPOFXPr0VKahBa', 'Milagros_Baldwin', 'Milagros', 'Baldwin', 'Incrocio Durante 5, 96721 Quarto Niccol (BG)', '2004-01-15', 0, 1),
	(141, 'PeterBailey@fake.it', '$2y$10$t6hOdFcr9ovD84b/kqtYBOXwbwix9LY1FBy0qyhVPOFXPr0VKahBa', 'Peter_Bailey', 'Peter', 'Bailey', 'Vicolo Disdero 9, 04058 San Simone laziale (BG)', '1983-10-10', 0, 1),
	(142, 'CraigLloyd@fake.it', '$2y$10$t6hOdFcr9ovD84b/kqtYBOXwbwix9LY1FBy0qyhVPOFXPr0VKahBa', 'Craig_Lloyd', 'Craig', 'Lloyd', 'Via Callegaro 71, 76127 Udinese ligure (BG)', '1949-01-06', 0, 1),
	(143, 'HerschelPrice@fake.it', '$2y$10$t6hOdFcr9ovD84b/kqtYBOXwbwix9LY1FBy0qyhVPOFXPr0VKahBa', 'Herschel_Price', 'Herschel', 'Price', 'Incrocio Salvi 291, 71662 Luciano terme (BG)', '2002-01-26', 0, 1),
	(144, 'RaymondCarroll@fake.it', '$2y$10$t6hOdFcr9ovD84b/kqtYBOXwbwix9LY1FBy0qyhVPOFXPr0VKahBa', 'Raymond_Carroll', 'Raymond', 'Carroll', 'Via Angelica 9, 37055 Palladio lido (BG)', '1966-05-18', 0, 1),
	(145, 'DeloresKelley@fake.it', '$2y$10$t6hOdFcr9ovD84b/kqtYBOXwbwix9LY1FBy0qyhVPOFXPr0VKahBa', 'Delores_Kelley', 'Delores', 'Kelley', 'Via Rosaria 091, 43196 Borgo Pierluigi ligure (BG)', '1994-08-27', 0, 1),
	(146, 'JungElkins@fake.it', '$2y$10$t6hOdFcr9ovD84b/kqtYBOXwbwix9LY1FBy0qyhVPOFXPr0VKahBa', 'Jung_Elkins', 'Jung', 'Elkins', 'Rotonda Beatrice 018, 75640 Quarto Milena (BG)', '1945-06-28', 0, 1),
	(147, 'EarnestBrowen@fake.it', '$2y$10$t6hOdFcr9ovD84b/kqtYBOXwbwix9LY1FBy0qyhVPOFXPr0VKahBa', 'Earnest_Browen', 'Earnest', 'Browen', 'Contrada Argurio 241, 05356 Borzom ligure (BG)', '1987-01-03', 0, 1),
	(148, 'DavidGreen@fake.it', '$2y$10$t6hOdFcr9ovD84b/kqtYBOXwbwix9LY1FBy0qyhVPOFXPr0VKahBa', 'David_Green', 'David', 'Green', 'Piazza Rosina 785, 19911 Giampiero nell\'emilia (BG)', '1965-05-19', 0, 1),
	(149, 'WillieRand@fake.it', '$2y$10$t6hOdFcr9ovD84b/kqtYBOXwbwix9LY1FBy0qyhVPOFXPr0VKahBa', 'Willie_Rand', 'Willie', 'Rand', 'Viale Marina 007, 64563 Santino salentino (BG)', '1974-03-11', 0, 1),
	(150, 'LorieDeem@fake.it', '$2y$10$t6hOdFcr9ovD84b/kqtYBOXwbwix9LY1FBy0qyhVPOFXPr0VKahBa', 'Lorie_Deem', 'Lorie', 'Deem', 'Stretto Sandi 3, 92457 Borgo Stefania (BG)', '1990-08-22', 0, 1),
	(151, 'JordanDowden@fake.it', '$2y$10$t6hOdFcr9ovD84b/kqtYBOXwbwix9LY1FBy0qyhVPOFXPr0VKahBa', 'Jordan_Dowden', 'Jordan', 'Dowden', 'Stretto Luigina 7, 16942 Sesto Donatella (BG)', '1967-09-24', 0, 1),
	(152, 'ShawnZimmerman@fake.it', '$2y$10$t6hOdFcr9ovD84b/kqtYBOXwbwix9LY1FBy0qyhVPOFXPr0VKahBa', 'Shawn_Zimmerman', 'Shawn', 'Zimmerman', 'Stretto Romiti 0, 48250 Borgo Ciro (BG)', '1996-07-22', 0, 1),
	(153, 'JohnKochevar@fake.it', '$2y$10$t6hOdFcr9ovD84b/kqtYBOXwbwix9LY1FBy0qyhVPOFXPr0VKahBa', 'John_Kochevar', 'John', 'Kochevar', 'Rotonda Tasca 885, 84074 Quarto Allegra (BG)', '1962-07-23', 0, 1),
	(154, 'MatthewSmith@fake.it', '$2y$10$t6hOdFcr9ovD84b/kqtYBOXwbwix9LY1FBy0qyhVPOFXPr0VKahBa', 'Matthew_Smith', 'Matthew', 'Smith', 'Piazza Flavia 51, 05253 Renzo laziale (BG)', '1956-11-19', 0, 1),
	(155, 'RonaldWhite@fake.it', '$2y$10$t6hOdFcr9ovD84b/kqtYBOXwbwix9LY1FBy0qyhVPOFXPr0VKahBa', 'Ronald_White', 'Ronald', 'White', 'Viale Romiti 1, 52659 Settimo Armando veneto (BG)', '1953-09-22', 0, 1),
	(156, 'EarlCollins@fake.it', '$2y$10$t6hOdFcr9ovD84b/kqtYBOXwbwix9LY1FBy0qyhVPOFXPr0VKahBa', 'Earl_Collins', 'Earl', 'Collins', 'Borgo Gustavo 83, 30653 Berenice nell\'emilia (BG)', '2001-03-24', 0, 1),
	(157, 'AntioneYoung@fake.it', '$2y$10$t6hOdFcr9ovD84b/kqtYBOXwbwix9LY1FBy0qyhVPOFXPr0VKahBa', 'Antione_Young', 'Antione', 'Young', 'Strada Borromeo 41, 58440 Casarin ligure (BG)', '2002-02-07', 0, 1),
	(158, 'JonaBooker@fake.it', '$2y$10$t6hOdFcr9ovD84b/kqtYBOXwbwix9LY1FBy0qyhVPOFXPr0VKahBa', 'Jona_Booker', 'Jona', 'Booker', 'Piazza Marissa 919, 46564 Borgo Pompeo nell\'emilia (BG)', '1955-03-04', 0, 1),
	(159, 'DellaOlson@fake.it', '$2y$10$t6hOdFcr9ovD84b/kqtYBOXwbwix9LY1FBy0qyhVPOFXPr0VKahBa', 'Della_Olson', 'Della', 'Olson', 'Viale Turchi 711, 08425 San Lodovico (BG)', '1949-06-13', 0, 1),
	(160, 'MarileeWorthington@fake.it', '$2y$10$t6hOdFcr9ovD84b/kqtYBOXwbwix9LY1FBy0qyhVPOFXPr0VKahBa', 'Marilee_Worthington', 'Marilee', 'Worthington', 'Borgo Costanzo 0, 34696 Spinelli laziale (BG)', '1989-07-29', 0, 1),
	(161, 'CandaceSalinas@fake.it', '$2y$10$t6hOdFcr9ovD84b/kqtYBOXwbwix9LY1FBy0qyhVPOFXPr0VKahBa', 'Candace_Salinas', 'Candace', 'Salinas', 'Viale Murri 6, 94797 Margherita nell\'emilia (BG)', '1962-03-28', 0, 1),
	(162, 'OrvilleKuntz@fake.it', '$2y$10$t6hOdFcr9ovD84b/kqtYBOXwbwix9LY1FBy0qyhVPOFXPr0VKahBa', 'Orville_Kuntz', 'Orville', 'Kuntz', 'Incrocio Coriolano 4, 82856 San Galasso (BG)', '1988-06-13', 0, 1),
	(163, 'DanielLucero@fake.it', '$2y$10$t6hOdFcr9ovD84b/kqtYBOXwbwix9LY1FBy0qyhVPOFXPr0VKahBa', 'Daniel_Lucero', 'Daniel', 'Lucero', 'Viale Nugnes 8, 17197 Borgo Virgilio del friuli (BG)', '1988-08-11', 0, 1),
	(164, 'JamesLee@fake.it', '$2y$10$t6hOdFcr9ovD84b/kqtYBOXwbwix9LY1FBy0qyhVPOFXPr0VKahBa', 'James_Lee', 'James', 'Lee', 'Canale Sophia 79, 60149 Settimo Matteo (BG)', '1962-08-08', 0, 1),
	(165, 'VeronicaSabino@fake.it', '$2y$10$t6hOdFcr9ovD84b/kqtYBOXwbwix9LY1FBy0qyhVPOFXPr0VKahBa', 'Veronica_Sabino', 'Veronica', 'Sabino', 'Incrocio Emilio 752, 02345 San Giampaolo sardo (BG)', '1943-12-16', 0, 1),
	(166, 'MarleneKrick@fake.it', '$2y$10$t6hOdFcr9ovD84b/kqtYBOXwbwix9LY1FBy0qyhVPOFXPr0VKahBa', 'Marlene_Krick', 'Marlene', 'Krick', 'Borgo Stefania 29, 40720 San Giulia (BG)', '1946-02-10', 0, 1),
	(167, 'MichaelHeinsohn@fake.it', '$2y$10$t6hOdFcr9ovD84b/kqtYBOXwbwix9LY1FBy0qyhVPOFXPr0VKahBa', 'Michael_Heinsohn', 'Michael', 'Heinsohn', 'Stretto Ughi 7, 66313 Gotti del friuli (BG)', '1942-12-14', 0, 1),
	(168, 'NeilJoshi@fake.it', '$2y$10$t6hOdFcr9ovD84b/kqtYBOXwbwix9LY1FBy0qyhVPOFXPr0VKahBa', 'Neil_Joshi', 'Neil', 'Joshi', 'Strada Pasolini 2, 40565 Michele umbro (BG)', '1950-04-25', 0, 1),
	(169, 'FrankWard@fake.it', '$2y$10$t6hOdFcr9ovD84b/kqtYBOXwbwix9LY1FBy0qyhVPOFXPr0VKahBa', 'Frank_Ward', 'Frank', 'Ward', 'Via Schiaparelli 97, 61258 Marta salentino (BG)', '1991-04-08', 0, 1),
	(170, 'MaudeMazzaferro@fake.it', '$2y$10$t6hOdFcr9ovD84b/kqtYBOXwbwix9LY1FBy0qyhVPOFXPr0VKahBa', 'Maude_Mazzaferro', 'Maude', 'Mazzaferro', 'Piazza Orlando 692, 18806 Borgo Milena umbro (BG)', '1942-08-17', 0, 1),
	(171, 'RubyRuiz@fake.it', '$2y$10$t6hOdFcr9ovD84b/kqtYBOXwbwix9LY1FBy0qyhVPOFXPr0VKahBa', 'Ruby_Ruiz', 'Ruby', 'Ruiz', 'Via Mauro 558, 53387 Roccabonella del friuli (BG)', '1944-07-15', 0, 1),
	(172, 'JonathanPinedo@fake.it', '$2y$10$t6hOdFcr9ovD84b/kqtYBOXwbwix9LY1FBy0qyhVPOFXPr0VKahBa', 'Jonathan_Pinedo', 'Jonathan', 'Pinedo', 'Piazza Dulbecco 4, 46890 Sesto Annamaria (BG)', '1989-03-31', 0, 1),
	(173, 'JoanFryar@fake.it', '$2y$10$t6hOdFcr9ovD84b/kqtYBOXwbwix9LY1FBy0qyhVPOFXPr0VKahBa', 'Joan_Fryar', 'Joan', 'Fryar', 'Via Bianca 16, 37983 Borgo Adelmo (BG)', '1978-04-25', 0, 1),
	(174, 'LoganPeters@fake.it', '$2y$10$t6hOdFcr9ovD84b/kqtYBOXwbwix9LY1FBy0qyhVPOFXPr0VKahBa', 'Logan_Peters', 'Logan', 'Peters', 'Rotonda Orlando 058, 07674 Augusto veneto (BG)', '1998-10-08', 0, 1),
	(175, 'ThomasMortensen@fake.it', '$2y$10$t6hOdFcr9ovD84b/kqtYBOXwbwix9LY1FBy0qyhVPOFXPr0VKahBa', 'Thomas_Mortensen', 'Thomas', 'Mortensen', 'Borgo Vergerio 1, 96992 Adriana umbro (BG)', '1949-11-23', 0, 1),
	(176, 'PaulRodriguez@fake.it', '$2y$10$t6hOdFcr9ovD84b/kqtYBOXwbwix9LY1FBy0qyhVPOFXPr0VKahBa', 'Paul_Rodriguez', 'Paul', 'Rodriguez', 'Via Guarino 0, 56479 Gianmarco umbro (BG)', '2003-07-06', 0, 1),
	(177, 'JosephHillyer@fake.it', '$2y$10$t6hOdFcr9ovD84b/kqtYBOXwbwix9LY1FBy0qyhVPOFXPr0VKahBa', 'Joseph_Hillyer', 'Joseph', 'Hillyer', 'Via Fabrizio 400, 30706 Galvani laziale (BG)', '1973-03-12', 0, 1),
	(178, 'AdriaHaecker@fake.it', '$2y$10$t6hOdFcr9ovD84b/kqtYBOXwbwix9LY1FBy0qyhVPOFXPr0VKahBa', 'Adria_Haecker', 'Adria', 'Haecker', 'Rotonda Montesano 427, 18858 San Fortunata (BG)', '1976-12-26', 0, 1),
	(179, 'TheodoreShortell@fake.it', '$2y$10$t6hOdFcr9ovD84b/kqtYBOXwbwix9LY1FBy0qyhVPOFXPr0VKahBa', 'Theodore_Shortell', 'Theodore', 'Shortell', 'Contrada Alina 6, 15585 Ricci salentino (BG)', '1943-07-09', 0, 1),
	(180, 'MichaelRamos@fake.it', '$2y$10$t6hOdFcr9ovD84b/kqtYBOXwbwix9LY1FBy0qyhVPOFXPr0VKahBa', 'Michael_Ramos', 'Michael', 'Ramos', 'Borgo Gremese 7, 95526 Balotelli lido (BG)', '2001-06-14', 0, 1),
	(181, 'GeorgeMeyer@fake.it', '$2y$10$t6hOdFcr9ovD84b/kqtYBOXwbwix9LY1FBy0qyhVPOFXPr0VKahBa', 'George_Meyer', 'George', 'Meyer', 'Via Scalera 64, 45826 Gioele calabro (BG)', '1959-03-15', 0, 1),
	(182, 'VirgilLuoma@fake.it', '$2y$10$t6hOdFcr9ovD84b/kqtYBOXwbwix9LY1FBy0qyhVPOFXPr0VKahBa', 'Virgil_Luoma', 'Virgil', 'Luoma', 'Canale Etta 4, 04954 Franco ligure (BG)', '1945-01-06', 0, 1),
	(183, 'RuthSeaman@fake.it', '$2y$10$t6hOdFcr9ovD84b/kqtYBOXwbwix9LY1FBy0qyhVPOFXPr0VKahBa', 'Ruth_Seaman', 'Ruth', 'Seaman', 'Rotonda Ranieri 427, 51715 Fabrizio lido (BG)', '2003-06-20', 0, 1),
	(184, 'JerryMueller@fake.it', '$2y$10$t6hOdFcr9ovD84b/kqtYBOXwbwix9LY1FBy0qyhVPOFXPr0VKahBa', 'Jerry_Mueller', 'Jerry', 'Mueller', 'Rotonda Paganini 982, 54154 Valmarana calabro (BG)', '1950-02-18', 0, 1),
	(185, 'AllenRobledo@fake.it', '$2y$10$t6hOdFcr9ovD84b/kqtYBOXwbwix9LY1FBy0qyhVPOFXPr0VKahBa', 'Allen_Robledo', 'Allen', 'Robledo', 'Stretto Vitturi 849, 62928 Quarto Alessandra sardo (BG)', '1947-01-30', 0, 1),
	(186, 'ConnieBlue@fake.it', '$2y$10$t6hOdFcr9ovD84b/kqtYBOXwbwix9LY1FBy0qyhVPOFXPr0VKahBa', 'Connie_Blue', 'Connie', 'Blue', 'Via Giorgia 56, 78590 Quarto Raffaele terme (BG)', '1983-07-10', 0, 1),
	(187, 'JuliaPruitt@fake.it', '$2y$10$t6hOdFcr9ovD84b/kqtYBOXwbwix9LY1FBy0qyhVPOFXPr0VKahBa', 'Julia_Pruitt', 'Julia', 'Pruitt', 'Canale Oreste 44, 17348 San Stefani ligure (BG)', '1976-06-01', 0, 1),
	(188, 'MauricioPowell@fake.it', '$2y$10$t6hOdFcr9ovD84b/kqtYBOXwbwix9LY1FBy0qyhVPOFXPr0VKahBa', 'Mauricio_Powell', 'Mauricio', 'Powell', 'Contrada Cundari 364, 99051 Borgo Pina (BG)', '1978-10-29', 0, 1),
	(189, 'AaronJohnson@fake.it', '$2y$10$t6hOdFcr9ovD84b/kqtYBOXwbwix9LY1FBy0qyhVPOFXPr0VKahBa', 'Aaron_Johnson', 'Aaron', 'Johnson', 'Contrada Pierpaolo 050, 45072 Pellegrino salentino (BG)', '1979-11-06', 0, 1),
	(190, 'KendaHarris@fake.it', '$2y$10$t6hOdFcr9ovD84b/kqtYBOXwbwix9LY1FBy0qyhVPOFXPr0VKahBa', 'Kenda_Harris', 'Kenda', 'Harris', 'Strada Giacconi 503, 67389 Virginia a mare (BG)', '1962-07-10', 0, 1),
	(191, 'ChristinaHubble@fake.it', '$2y$10$t6hOdFcr9ovD84b/kqtYBOXwbwix9LY1FBy0qyhVPOFXPr0VKahBa', 'Christina_Hubble', 'Christina', 'Hubble', 'Strada Pasqual 546, 52230 Bernardo salentino (BG)', '1994-03-01', 0, 1),
	(192, 'CourtneyBell@fake.it', '$2y$10$t6hOdFcr9ovD84b/kqtYBOXwbwix9LY1FBy0qyhVPOFXPr0VKahBa', 'Courtney_Bell', 'Courtney', 'Bell', 'Canale Falier 674, 04791 San Napoleone (BG)', '1989-01-23', 0, 1),
	(193, 'SharonMartino@fake.it', '$2y$10$t6hOdFcr9ovD84b/kqtYBOXwbwix9LY1FBy0qyhVPOFXPr0VKahBa', 'Sharon_Martino', 'Sharon', 'Martino', 'Stretto Brancaccio 7, 68527 Eliana terme (BG)', '1967-03-25', 0, 1),
	(194, 'GenevieveHendricks@fake.it', '$2y$10$t6hOdFcr9ovD84b/kqtYBOXwbwix9LY1FBy0qyhVPOFXPr0VKahBa', 'Genevieve_Hendricks', 'Genevieve', 'Hendricks', 'Piazza Casaleggio 6, 98765 Borgo Gianna (BG)', '1960-09-18', 0, 1),
	(195, 'DanielGlover@fake.it', '$2y$10$t6hOdFcr9ovD84b/kqtYBOXwbwix9LY1FBy0qyhVPOFXPr0VKahBa', 'Daniel_Glover', 'Daniel', 'Glover', 'Rotonda Annunziata 44, 30386 Donatella veneto (BG)', '1960-04-01', 0, 1),
	(196, 'GregoryTidwell@fake.it', '$2y$10$t6hOdFcr9ovD84b/kqtYBOXwbwix9LY1FBy0qyhVPOFXPr0VKahBa', 'Gregory_Tidwell', 'Gregory', 'Tidwell', 'Piazza Eraldo 78, 51254 Mozart veneto (BG)', '1977-10-01', 0, 1),
	(197, 'IrwinOboyle@fake.it', '$2y$10$t6hOdFcr9ovD84b/kqtYBOXwbwix9LY1FBy0qyhVPOFXPr0VKahBa', 'Irwin_Oboyle', 'Irwin', 'Oboyle', 'Via Amalia 00, 90743 Settimo Angelica terme (BG)', '2004-01-15', 0, 1),
	(198, 'TimothyPorter@fake.it', '$2y$10$t6hOdFcr9ovD84b/kqtYBOXwbwix9LY1FBy0qyhVPOFXPr0VKahBa', 'Timothy_Porter', 'Timothy', 'Porter', 'Vicolo Gentili 417, 89881 Borgo Dolores umbro (BG)', '1939-12-26', 0, 1),
	(199, 'DerekMaceachern@fake.it', '$2y$10$t6hOdFcr9ovD84b/kqtYBOXwbwix9LY1FBy0qyhVPOFXPr0VKahBa', 'Derek_Maceachern', 'Derek', 'Maceachern', 'Contrada Lara 833, 48178 Mariana laziale (BG)', '1993-08-01', 0, 1),
	(200, 'LorraineHwang@fake.it', '$2y$10$t6hOdFcr9ovD84b/kqtYBOXwbwix9LY1FBy0qyhVPOFXPr0VKahBa', 'Lorraine_Hwang', 'Lorraine', 'Hwang', 'Viale Bongiorno 3, 23587 San Angelica (BG)', '1948-04-17', 0, 1),
	(201, 'RicardoMedina@fake.it', '$2y$10$t6hOdFcr9ovD84b/kqtYBOXwbwix9LY1FBy0qyhVPOFXPr0VKahBa', 'Ricardo_Medina', 'Ricardo', 'Medina', 'Vicolo Amleto 9, 41753 Grasso calabro (BG)', '1949-01-12', 0, 1),
	(202, 'WilliamGoforth@fake.it', '$2y$10$t6hOdFcr9ovD84b/kqtYBOXwbwix9LY1FBy0qyhVPOFXPr0VKahBa', 'William_Goforth', 'William', 'Goforth', 'Rotonda Gilardoni 185, 86998 Michelotto salentino (BG)', '1971-06-21', 0, 1),
	(203, 'AlexandraScott@fake.it', '$2y$10$t6hOdFcr9ovD84b/kqtYBOXwbwix9LY1FBy0qyhVPOFXPr0VKahBa', 'Alexandra_Scott', 'Alexandra', 'Scott', 'Canale Ferdinando 055, 04130 Ezio sardo (BG)', '1986-05-23', 0, 1),
	(204, 'DoreenGarza@fake.it', '$2y$10$t6hOdFcr9ovD84b/kqtYBOXwbwix9LY1FBy0qyhVPOFXPr0VKahBa', 'Doreen_Garza', 'Doreen', 'Garza', 'Vicolo Alessandro 81, 31190 Sesto Gemma (BG)', '1942-03-12', 0, 1),
	(205, 'RobertHiggins@fake.it', '$2y$10$t6hOdFcr9ovD84b/kqtYBOXwbwix9LY1FBy0qyhVPOFXPr0VKahBa', 'Robert_Higgins', 'Robert', 'Higgins', 'Strada Clelia 348, 49915 Settimo Sandro ligure (BG)', '1960-02-03', 0, 1),
	(206, 'StevenPleasant@fake.it', '$2y$10$t6hOdFcr9ovD84b/kqtYBOXwbwix9LY1FBy0qyhVPOFXPr0VKahBa', 'Steven_Pleasant', 'Steven', 'Pleasant', 'Incrocio Nicolucci 460, 62522 Almagi a mare (BG)', '1945-11-27', 0, 1),
	(207, 'MindyBush@fake.it', '$2y$10$t6hOdFcr9ovD84b/kqtYBOXwbwix9LY1FBy0qyhVPOFXPr0VKahBa', 'Mindy_Bush', 'Mindy', 'Bush', 'Vicolo Costalonga 72, 56767 Disdero lido (BG)', '1959-05-30', 0, 1),
	(208, 'CarrieHartley@fake.it', '$2y$10$t6hOdFcr9ovD84b/kqtYBOXwbwix9LY1FBy0qyhVPOFXPr0VKahBa', 'Carrie_Hartley', 'Carrie', 'Hartley', 'Contrada Giulio 6, 42230 Dolores nell\'emilia (BG)', '1979-05-13', 0, 1),
	(209, 'ChrisJones@fake.it', '$2y$10$t6hOdFcr9ovD84b/kqtYBOXwbwix9LY1FBy0qyhVPOFXPr0VKahBa', 'Chris_Jones', 'Chris', 'Jones', 'Piazza Giuliano 865, 83974 Flavia sardo (BG)', '1986-10-20', 0, 1),
	(210, 'ClaytonGates@fake.it', '$2y$10$t6hOdFcr9ovD84b/kqtYBOXwbwix9LY1FBy0qyhVPOFXPr0VKahBa', 'Clayton_Gates', 'Clayton', 'Gates', 'Vicolo Ferrara 767, 41911 Micheletto nell\'emilia (BG)', '1949-12-28', 0, 1),
	(211, 'StanleyRodgers@fake.it', '$2y$10$t6hOdFcr9ovD84b/kqtYBOXwbwix9LY1FBy0qyhVPOFXPr0VKahBa', 'Stanley_Rodgers', 'Stanley', 'Rodgers', 'Canale Calcedonio 495, 07516 Spadafora del friuli (BG)', '1990-11-08', 0, 1),
	(212, 'ScottMccurdy@fake.it', '$2y$10$t6hOdFcr9ovD84b/kqtYBOXwbwix9LY1FBy0qyhVPOFXPr0VKahBa', 'Scott_Mccurdy', 'Scott', 'Mccurdy', 'Incrocio Rossana 5, 87638 Settimo Nicola (BG)', '1962-07-27', 0, 1),
	(213, 'RobertaDemora@fake.it', '$2y$10$t6hOdFcr9ovD84b/kqtYBOXwbwix9LY1FBy0qyhVPOFXPr0VKahBa', 'Roberta_Demora', 'Roberta', 'Demora', 'Borgo Gianna 707, 09432 Borgo Tina (BG)', '1992-02-24', 0, 1),
	(214, 'MatthewAlleman@fake.it', '$2y$10$t6hOdFcr9ovD84b/kqtYBOXwbwix9LY1FBy0qyhVPOFXPr0VKahBa', 'Matthew_Alleman', 'Matthew', 'Alleman', 'Rotonda Renzo 2, 20867 Fernanda del friuli (BG)', '1973-03-04', 0, 1),
	(215, 'CelinaSmith@fake.it', '$2y$10$t6hOdFcr9ovD84b/kqtYBOXwbwix9LY1FBy0qyhVPOFXPr0VKahBa', 'Celina_Smith', 'Celina', 'Smith', 'Stretto Agostino 5, 18762 Pontecorvo a mare (BG)', '1948-05-04', 0, 1),
	(216, 'FrankieLee@fake.it', '$2y$10$t6hOdFcr9ovD84b/kqtYBOXwbwix9LY1FBy0qyhVPOFXPr0VKahBa', 'Frankie_Lee', 'Frankie', 'Lee', 'Viale Daria 9, 72108 Ugolino ligure (BG)', '1963-07-28', 0, 1),
	(217, 'JessicaMorley@fake.it', '$2y$10$t6hOdFcr9ovD84b/kqtYBOXwbwix9LY1FBy0qyhVPOFXPr0VKahBa', 'Jessica_Morley', 'Jessica', 'Morley', 'Rotonda Valeria 44, 40549 Borgo Marina salentino (BG)', '1999-08-05', 0, 1),
	(218, 'PaulineCrouse@fake.it', '$2y$10$t6hOdFcr9ovD84b/kqtYBOXwbwix9LY1FBy0qyhVPOFXPr0VKahBa', 'Pauline_Crouse', 'Pauline', 'Crouse', 'Viale Tiziano 2, 92631 Settimo Massimo (BG)', '1984-11-16', 0, 1),
	(219, 'WilliamKirby@fake.it', '$2y$10$t6hOdFcr9ovD84b/kqtYBOXwbwix9LY1FBy0qyhVPOFXPr0VKahBa', 'William_Kirby', 'William', 'Kirby', 'Viale Gianvecchio 7, 88641 San Federico del friuli (BG)', '1966-03-09', 0, 1),
	(220, 'RandyWalker@fake.it', '$2y$10$t6hOdFcr9ovD84b/kqtYBOXwbwix9LY1FBy0qyhVPOFXPr0VKahBa', 'Randy_Walker', 'Randy', 'Walker', 'Incrocio Morosini 84, 55611 Calarco salentino (BG)', '1966-04-01', 0, 1),
	(221, 'KimberlyLugo@fake.it', '$2y$10$t6hOdFcr9ovD84b/kqtYBOXwbwix9LY1FBy0qyhVPOFXPr0VKahBa', 'Kimberly_Lugo', 'Kimberly', 'Lugo', 'Piazza Enzio 898, 87086 Sesto Pina (BG)', '2002-09-09', 0, 1),
	(222, 'AnnEllis@fake.it', '$2y$10$t6hOdFcr9ovD84b/kqtYBOXwbwix9LY1FBy0qyhVPOFXPr0VKahBa', 'Ann_Ellis', 'Ann', 'Ellis', 'Incrocio Nonis 01, 57668 Quarto Gianfranco umbro (BG)', '1958-11-16', 0, 1),
	(223, 'MartaCharney@fake.it', '$2y$10$t6hOdFcr9ovD84b/kqtYBOXwbwix9LY1FBy0qyhVPOFXPr0VKahBa', 'Marta_Charney', 'Marta', 'Charney', 'Piazza Priscilla 47, 71409 Antonello terme (BG)', '1979-01-25', 0, 1),
	(224, 'KevinJennings@fake.it', '$2y$10$t6hOdFcr9ovD84b/kqtYBOXwbwix9LY1FBy0qyhVPOFXPr0VKahBa', 'Kevin_Jennings', 'Kevin', 'Jennings', 'Borgo Angeli 3, 98251 Montanariello del friuli (BG)', '1952-07-21', 0, 1),
	(225, 'StevenTuck@fake.it', '$2y$10$t6hOdFcr9ovD84b/kqtYBOXwbwix9LY1FBy0qyhVPOFXPr0VKahBa', 'Steven_Tuck', 'Steven', 'Tuck', 'Via Teresa 126, 01741 Settimo Nicoletta salentino (BG)', '1949-11-26', 0, 1),
	(226, 'TerriePena@fake.it', '$2y$10$t6hOdFcr9ovD84b/kqtYBOXwbwix9LY1FBy0qyhVPOFXPr0VKahBa', 'Terrie_Pena', 'Terrie', 'Pena', 'Canale Ida 126, 01257 Settimo Panfilo (BG)', '1973-01-14', 0, 1),
	(227, 'StanLee@fake.it', '$2y$10$t6hOdFcr9ovD84b/kqtYBOXwbwix9LY1FBy0qyhVPOFXPr0VKahBa', 'Stan_Lee', 'Stan', 'Lee', 'Incrocio Vivaldi 52, 31941 Piacentini veneto (BG)', '1971-01-24', 0, 1),
	(228, 'ChristianPatterson@fake.it', '$2y$10$t6hOdFcr9ovD84b/kqtYBOXwbwix9LY1FBy0qyhVPOFXPr0VKahBa', 'Christian_Patterson', 'Christian', 'Patterson', 'Via Fabia 7, 05175 Cipolla calabro (BG)', '1955-12-20', 0, 1),
	(229, 'RenatoMello@fake.it', '$2y$10$t6hOdFcr9ovD84b/kqtYBOXwbwix9LY1FBy0qyhVPOFXPr0VKahBa', 'Renato_Mello', 'Renato', 'Mello', 'Rotonda Geronimo 80, 84772 Scarpetta del friuli (BG)', '2002-12-27', 0, 1),
	(230, 'KristieBrashear@fake.it', '$2y$10$t6hOdFcr9ovD84b/kqtYBOXwbwix9LY1FBy0qyhVPOFXPr0VKahBa', 'Kristie_Brashear', 'Kristie', 'Brashear', 'Strada Valerio 2, 96098 Malpighi nell\'emilia (BG)', '1952-09-23', 0, 1),
	(231, 'JamesHarvey@fake.it', '$2y$10$t6hOdFcr9ovD84b/kqtYBOXwbwix9LY1FBy0qyhVPOFXPr0VKahBa', 'James_Harvey', 'James', 'Harvey', 'Via Bartoli 767, 64450 Quarto Teresa veneto (BG)', '1963-07-09', 0, 1);
/*!40000 ALTER TABLE `users` ENABLE KEYS */;

/*!40101 SET SQL_MODE=IFNULL(@OLD_SQL_MODE, '') */;
/*!40014 SET FOREIGN_KEY_CHECKS=IF(@OLD_FOREIGN_KEY_CHECKS IS NULL, 1, @OLD_FOREIGN_KEY_CHECKS) */;
/*!40101 SET CHARACTER_SET_CLIENT=@OLD_CHARACTER_SET_CLIENT */;
